variant_key	SV_type	SS	SR	PR	PR/SR	ND	ND2	in_bed	is_correct
chr1:9908170:A:]chr6:32366795]A	BND	74		32		5.3842	6.1032	False	FALSE
chr1:11176387:C:C[chr7:118237704[	BND	34	3	3	1	6.0111	6.1032	False	FALSE
chr1:24054355:T:]chr12:30873814]GT	BND	386	233	385	1.65236051502146	2.6551	6.1606	False	FALSE
chr1:24054807:C:C[chr8:39685845[	BND	680	253	337	1.33201581027668	2.6551	6.1605	False	FALSE
chr1:25501895:C:]chr11:135074600]C	BND	31	2	3	1.5	6.1605	6.1606	False	FALSE
chr1:27304754:C:C[chr17:78832818[	BND	34	3	3	1	6.256	6.5119	False	FALSE
chr1:32497480:G:]chr8:41887444]G	BND	33	3	3	1	4.9693	6.7154	False	FALSE
chr1:32590662:G:G]chr11:76775055]	BND	45	1	11	11	4.9693	6.7231	False	FALSE
chr1:38269478:G:G[chr11:27799903[	BND	35	3	3	1	6.7543	6.7613	False	FALSE
chr1:45555805:CCCAAAGTGCTGGGATTACAGGCGTGAGCCACCGCGCCCGGCCTGAATATAGACTGTTACCTACCAGCTGGATGAGTCTCTGGACTCCTTTTCCTCAACTACAAAATAGGGTATAAAACAGTATCTACTTAGACCTGGCGCTGTGGCTCACGCCTGTAATCCCAACACTTTGGGAGG:C	DEL	34	7	0	0			False	FALSE
chr1:51627528:A:]chr7:41127483]A	BND	34	3	3	1	6.682	6.682	False	FALSE
chr1:56435590:T:[chr10:3601860[T	BND	39		4		2.7973	6.682	False	FALSE
chr1:56436217:C:C]chr10:3601830]	BND	39		6		2.7973	6.682	False	FALSE
chr1:64903925:T:[chr6:152960415[T	BND	35	3	3	1	6.6769	6.9278	False	FALSE
chr1:69656019:A:[chr19:8242013[A	BND	35	3	3	1	6.6769	6.6912	True	FALSE
chr1:74567569:T:[chr2:212587959[T	BND	41		9		6.6912	6.9851	False	FALSE
chr1:92848775:TCCCAGCTACTCAGGAGGCTGAGGCAGGAGGATCGCTTGAGCCCAAGAGTTTGAGATTGCAATGAGCTATGATTGTGACACTGCACTCCAGCCTGGCTCACAGAGTGAGACCCTGTCTCTAATAAATAAATAAATAAATAAATACGTACAATTTTAATTTTTTTTTTTTGTGATGGAGTCTCGCTCTGTCACCCAGCCTGGAGTGCAGTGGGGTGATCTCAGCTCACTGCAACCTCCATCTCCCGGGTTCAAGCGATTCTCCTGCCTGAGCCTCCTGAGTAGCTGGGACTACAGGTTCATGCTACCATG:T	DEL	30	10	1	0.1			False	FALSE
chr1:93378833:T:T]chr20:30939050]	BND	35	4	5	1.25	6.6441	6.8401	False	FALSE
chr1:97785179:G:G[chr18:37774762[	BND	34	3	4	1.33333333333333	6.4002	6.6441	False	FALSE
chr1:102593054:A:]chrX:85441203]A	BND	40		13		6.3607	6.682	False	FALSE
chr1:109506696:G:[chr10:85608340[G	BND	34	4	4	1	5.7225	6.5267	False	FALSE
chr1:109700169:CACATTTTTGGCCATGTGCGGTGGCTCACGCCTGTAATCTCAGCGCTTTGGAGGCTGAGGGAGGCAGATCACCTGTGGTTAGGAGTTTGATACCTGCCTGCCCAACATGGCAAAACCCCATCTTTACTAAAAAAAAATACAAAAATTAGCTGGGCGTGGTGGCGAGCACCTGTAATCCCAGCTACTTGGGAGGCTGAGGCAGGAGAATCACTTGAACCTGGGAGGTGGAAGTTGCAGTGAGCCAAGATCGTGCCACTGCATTCCAGCCTGTATGACAGAGTGTGACTCCATCTCAAGAAAAAAAAAAAAAAAAAAAAAGGAGCCGGGCATGGTGGCTCACACTTGTAATCCCAGCATTTTGGGAGGCCGAGTTGGGTGGATCACCTGAGGTCGGGAGTTCGAGACCAGCCTGACCAACATGGTGAGACCCCTGTCTCTACTAAAAATACAAAATTAGCTGGGCGTGGTGGCACATGCCTATAATCCCAGCTACTAGGGAGGCTGAGGCAGGAGAATCTCTTGAACCTGGGAGGCGGAGGTTGCGGTGAGCCAAGATCGTGCCATTGCACCCCAGCCTGGGCAACAAGAGTGAAACTCCATCTCAAAAAAAAAAAAGAAGAAAAGAATAACTT:C	DEL	30	13	3	0.230769230769231			False	FALSE
chr1:110034514:T:T[chrX:152107943[	BND	32	3	3	1	5.7225	6.4525	False	FALSE
chr1:112869182:G:]chr17:1386091]G	BND	33	3	3	1	6.4525	6.5186	False	FALSE
chr1:116170059:A:]chr20:34200384]ACCAACTGCA	BND	41	9	9	1	6.1382	6.5186	False	FALSE
chr1:117544787:C:C[chr5:27248345[	BND	176	49	101	2.06122448979592	6.1382	6.6698	False	FALSE
chr1:128488728:T:T]chr21:6117341]	BND	30		13		7.0392	7.0906	False	FALSE
chr1:145086466:G:G]chr2:42318261]	BND	33	3	3	1	6.3733	6.4513	False	FALSE
chr1:147448745:A:]chr6:12186232]A	BND	31	3	3	1	5.6673	6.3733	False	FALSE
chr1:147913544:T:T[chr19:16472553[	BND	32	3	3	1	5.6673	6.4513	False	FALSE
chr1:150539252:GTCCCAGCTACTCGGGAGGCTGAGGCAGAAGAATGGCGTGAACCCAGGAGACAGAGCTTGCAGTGAGCCGAGATCGCACCACTGCACTCCAGCCTGGGCAAAAGAGCGAGACTCCGTCTCAAAAAAAAAAAAAAAAAAAAGAATATTTGAAGAAATGTACCTTAAGATAGCCACTATGGAAAACAGGAATAATAACTAACAGTCTTAACCATTTTTTAGTCCCAAATCTCACACTAACAAAAGCTATGCAACCTCTCCCTTGAAAAATGCACACACACAGGCAAAGTTTATATGTAATTTCAAGGGGCTCACAGGACACCTCACCACCAAGCAGGTTAAGATTTCTGTATTAGACATAAATATTAAAAGACTATGAATCAGGGCCGGGTGCACTGGCTCACGCCTGTAATCTCAGAGCTTTGGGAGGCAGAGGCAGGCGGATCATCTGAAGTCAGGAGTTCAAGACCAGCCTGGCCAACATGGCGAAACCCCGCCTCTAATACAAAAATTAGCCGGGTGTGGTGGTGCACGCCTGTAA:G	DEL	32	42	17	0.404761904761905			False	FALSE
chr1:151257256:T:T]chr17:9619983]	BND	33	5	5	1	6.2437	6.5242	False	FALSE
chr1:153010060:G:G[chr13:50433849[	BND	32	3	3	1	6.2437	6.6681	False	FALSE
chr1:153522177:G:<INV>	INV	41	34	20	0.588235294117647			False	FALSE
chr1:157666517:C:[chr3:112136763[C	BND	31	3	3	1	6.6681	6.8068	False	FALSE
chr1:158681946:C:<DUP:TANDEM>	DUP	76	13	38	2.92307692307692			False	FALSE
chr1:169167347:A:A[chr2:212889162[	BND	34	3	3	1	6.2952	6.3299	False	FALSE
chr1:171140584:C:]chr16:83636726]C	BND	33	3	3	1	5.2151	6.2952	False	FALSE
chr1:171304689:G:G[chr16:8865500[	BND	33	3	3	1	5.2151	6.3299	False	FALSE
chr1:178050737:T:T]chr10:81864389]	BND	55		15		6.6697	6.829	True	FALSE
chr1:181198113:A:<DUP:TANDEM>	DUP	40	11	9	0.818181818181818			False	FALSE
chr1:182725240:C:]chr2:97264377]C	BND	34	3	3	1	6.473	6.5758	False	FALSE
chr1:185696763:G:G]chr3:72260171]	BND	35	3	3	1	5.8999	6.473	False	FALSE
chr1:186490852:G:G[chr12:39746070[	BND	33	3	3	1	5.8999	6.5758	False	FALSE
chr1:196227763:G:]chr7:145832547]G	BND	40		11		6.86	6.8601	False	FALSE
chr1:199945880:CTCACTGCAACCTCCACCTCCCATGTTCAAGCGATTCTCTATCTCAGCCTCCCAAGTAGCTGGGACTATAGGTGCATGCCACCACACTTGGCTAATTTTTCTGGTGTTTTTTGTTTTTTTTTTTTTTTTTTTTTTGTAGAGACAGGATTTCACCATGTTGGTCAGGCTGGTCTTGAACTCCTGACCTCAAGTGATCTACCCACCTCGGCCTCCCAAAGTGCTGGGATTACAGGCATGAGCCACTGATCCCAGCCAAAAGTTAAGAGCTTTATAAAATATAAAATATTATCATTATTATCACATGAAGTAAGAAGACTATGTGTCCTTAGAAAGGATGAACATAGGCCAGGAGCAGTGGCGCACACCTGTAATCCCAGCACTTTGGGAGGCTGAGGCGGGCAGATCACGAGGTCAAGAAATCGAGACCATCCTGGCCAACGTGGTGAAGCCCCATCTCTACTAAAAATACAAAAATTAGCTGGGTGTGGTGGTGTGCACCTGTAATCCCAGCTACTCAGGAGGCTGAGGCAGGAGAATCGCTTGAACCTGGGAGGCGGAGGTTGCAGTGAGCCAAGATCGCA:C	DEL	39	23	4	0.173913043478261			False	FALSE
chr1:203472906:A:A[chr2:216865052[	BND	37		4		1.9138	6.86	False	FALSE
chr1:203472988:T:]chr2:216865632]T	BND	37		3		1.9138	6.8601	True	FALSE
chr1:204811773:ATAATCCCAGCACTTTGGGAGGCCAAGACAGGTGGATCACTTGAGGGTCAGTTCAAGGCCAGCCTGGCCAACATGGTGAAACCCCGTCTCTACTAAAAGTACAAAAATTAGCCGAGCGTGGTGGTGCACATCTGTAATCCCAGATACTCAGGAGGCTGAGGCATGAGAATCGCTTGAACCCAGGAGGTGGAGGTTGTAGTGAGCCAAGATCGTGCCACTGCACTTCAGCCTGGGTGACACAGCAAGACTCCATCTCAAAAAAAAAAAAAAAAAAAAAGAGACCAGCCAGGTGCAGTGGCTCACGCCTG:A	DEL	33	14	8	0.571428571428571			False	FALSE
chr1:233636614:G:]chr8:42654385]G	BND	372	119	269	2.26050420168067	7.0409	7.4795	False	FALSE
chr1:244623266:G:]chr6:33421474]G	BND	34	3	3	1	7.0409	7.6144	False	FALSE
chr1:247727921:T:<DEL>	DEL	36	6	11	1.83333333333333			False	FALSE
chr2:3199230:ATGTGGGTACGCTCACTATTCTAGCACCCACACGGAGACGCTCACTATTGCAGCACCAACACAGAGCACCGACATGGGGATGCTCACTATTGCAGCACCGACACAGGGATGCTCACTATTGCAACACCGAGAAGGGGACGCTCACTATTCCAGAACCGACACGGGGACGCTCACTATTCCAGCACCGTCGTGGGGACGCTCACTATTCCAGCACTGACACGGGGATTCTCACTATTCCACCACCCACAAGGGGAACCGACATGGGGACGCTCACTATTCCAGCACCAACACGGGGACGCTCACTATTCCAGCACCGACACGGGGACGCTCACTATTCCAGCACCAACACGGAGACGCTCACTATTCCAGCACCGACAAGGGGCACCGACGGGGCCGCTCACTATTCCAT:ACAAGGGG	DEL	43	28	17	0.607142857142857			True	FALSE
chr2:6369950:T:]chr11:71974891]T	BND	33	3	3	1	6.9704	7.301	False	FALSE
chr2:15711388:G:[chr13:40175349[G	BND	42		10		6.9704	7.0276	False	FALSE
chr2:26368148:T:[chr5:146606810[T	BND	34	3	3	1	7.0276	7.1319	False	FALSE
chr2:39917249:G:G[chr15:43462570[	BND	34	3	3	1	6.0713	6.3804	False	FALSE
chr2:41095686:C:[chr9:147262806[C	BND	33	3	3	1	6.0713	6.0873	False	FALSE
chr2:42318232:G:G]chr1:145086495]	BND	33	3	3	1	6.0873	6.295	False	FALSE
chr2:44290744:A:A]chr8:126789057]	BND	33	3	3	1	6.0768	6.295	False	FALSE
chr2:45484289:G:G]chr5:140087420]	BND	34	3	3	1	6.0768	6.5005	False	FALSE
chr2:60068770:G:[chr3:141400680[G	BND	34	3	4	1.33333333333333	6.1467	7.1639	False	FALSE
chr2:61470472:T:T]chr15:49839616]	BND	33	3	3	1	6.1467	7.2037	False	FALSE
chr2:81412012:T:]chr10:73263474]T	BND	35	5	5	1	7.2001	7.2225	False	FALSE
chr2:97264377:G:G[chr1:182725240[	BND	34	3	3	1	5.9239	6.943	False	FALSE
chr2:98103663:G:[chr12:37971341[G	BND	33	3	3	1	5.9239	6.8993	False	FALSE
chr2:113640364:C:C]chr4:39045607]	BND	32	3	3	1	6.8811	6.8811	False	FALSE
chr2:153534837:C:]chr7:155489040]C	BND	43		12		6.8896	7.1594	False	FALSE
chr2:157912936:G:<DUP:TANDEM>	DUP	327	137	180	1.31386861313869			False	FALSE
chr2:161290885:G:[chrX:54449115[G	BND	33	3	3	1	6.8248	6.8896	False	FALSE
chr2:167970748:G:G]chr5:7193217]	BND	46		13		6.8248	7.0079	False	FALSE
chr2:178153289:C:C]chr8:87297426]	BND	33	3	3	1	6.9555	7.0079	False	FALSE
chr2:187178991:T:T[chr7:139859991[	BND	34	4	4	1	6.9555	7.2835	False	FALSE
chr2:212587959:G:[chr1:74567569[G	BND	41		9		5.4789	6.6311	False	FALSE
chr2:212889162:T:]chr1:169167347]T	BND	34	3	3	1	5.4789	6.5994	False	FALSE
chr2:216865052:T:]chr1:203472906]T	BND	37		4		2.7634	6.5994	True	FALSE
chr2:216865632:G:G[chr1:203472988[	BND	37		3		2.7634	6.5995	False	FALSE
chr2:226731435:T:[chr12:97587835[T	BND	48		9		2.791	6.8068	False	FALSE
chr2:226732053:A:A]chr12:97587638]	BND	48		5		2.791	6.8067	False	FALSE
chr2:233140123:C:C[chr11:69153997[	BND	33	3	3	1	5.8275	6.8067	False	FALSE
chr2:233812297:A:[chr17:64531134[A	BND	34	3	4	1.33333333333333	5.8275	6.85	False	FALSE
chr2:241564723:T:T[chr12:32144240[	BND	35	3	3	1	6.8894	6.9255	False	FALSE
chr3:6277931:A:]chr4:166528921]A	BND	35	3	3	1	6.7103	7.5136	False	FALSE
chr3:11409672:A:[chr13:36739938[A	BND	35	3	3	1	6.7103	7.4393	False	FALSE
chr3:38904582:T:T]chr14:62231052]	BND	33	4	4	1	6.8646	7.0759	False	FALSE
chr3:46225657:G:G]chr5:89675111]	BND	35	3	3	1	6.6616	6.7196	False	FALSE
chr3:50813190:T:[chr11:46100237[T	BND	35	3	3	1	5.8166	6.6616	False	FALSE
chr3:51468757:A:]chr7:114022432]A	BND	31	2	3	1.5	5.8166	6.6244	False	FALSE
chr3:55679586:G:G]chr6:77687145]	BND	33	2	3	1.5	6.5796	6.6244	False	FALSE
chr3:59478191:C:]chr20:3790913]C	BND	34	3	3	1	6.0936	6.5796	True	FALSE
chr3:60718671:A:[chr12:106029189[A	BND	33	3	3	1	6.0936	6.7024	False	FALSE
chr3:66219431:GACATTATATGTATATGTATATGTGTGTGTGTGTATATATATATATATATATACACACACACAC:G	DEL	35	11	0	0			True	FALSE
chr3:68074093:C:[chr15:96851442[C	BND	34	3	3	1	6.6218	6.8666	False	FALSE
chr3:72260166:T:T]chr1:185696768]	BND	35	3	3	1	6.6218	7.0623	False	FALSE
chr3:86501361:TTCAAACCAGCCTGGGTAAGATGGCAAGATATGTCTACATACACAAACACACACACACACACACACACACACACACACACGTTAAAAGTGTAGAGTATGTCTACCTAGAAACAAGTGCAACAAATGCAACAAATAATGATAAATGGCAACAATGTATCTCTAATTCTGTTTTTTGACTATCACTTAACCTGTTTCTTCTCTGCTTCCTTGGAAATTTGTTCCAGACTTTGCTATAGCATGTGTGATGGTTAA:T	DEL	36	9	0	0			False	FALSE
chr3:87391309:A:[chr14:80846569[A	BND	33	3	3	1	6.9675	7.1799	False	FALSE
chr3:96669924:T:[chr15:31642911[T	BND	32	3	3	1	6.9675	7.1894	False	FALSE
chr3:112136754:C:[chr1:157666526[C	BND	31	3	3	1	6.8074	7.094	False	FALSE
chr3:118555034:C:]chr12:121759588]C	BND	153	40	76	1.9	6.778	6.8074	False	FALSE
chr3:124552325:T:]chr11:87706865]ACAAT	BND	33	3	3	1	6.5924	6.5974	False	FALSE
chr3:128463943:G:[chr11:3434006[G	BND	49		38		4.6574	6.4603	False	FALSE
chr3:128509374:G:[chr7:99148925[G	BND	50		21		4.6574	6.4534	True	FALSE
chr3:131349902:A:]chr4:21840906]A	BND	33	3	3	1	6.4534	6.4603	False	FALSE
chr3:141400677:C:[chr2:60068773[C	BND	34	3	4	1.33333333333333	6.6496	6.7562	False	FALSE
chr3:145863179:C:[chr6:161127637[C	BND	34	3	3	1	6.094	6.6496	False	FALSE
chr3:147104852:A:[chr7:27773378[A	BND	34	4	4	1	6.094	6.6715	False	FALSE
chr3:151798096:G:G[chr10:5786457[	BND	33	3	3	1	6.6715	6.7734	False	FALSE
chr3:164614751:TATATGTATATACACGTGCATATATGTATATATGTATATACACGTGCATATATGTATATATGTATATACACGTGCATATATATGTATATATATGTATATACACGTGCATATATATGTATATATATGTATATACACGTGCATATATATGTATATATGTATATACATGTGCATATATATGTATATACATGTGCATATATATGCATATATATGTATATACATGTGCATATATATGCATATATATGTATATACATGTGCATATATGCATATATATGTATATACATGTGCATATATATGC:T	DEL	31	24	12	0.5			True	FALSE
chr3:175530278:A:]chr10:29193228]A	BND	33	3	3	1	6.9145	7.3106	False	FALSE
chr3:179350865:C:<DEL>	DEL	37	3	6	2			False	FALSE
chr3:183742395:T:[chr22:29001056[T	BND	33	3	3	1	6.9145	7.0876	False	FALSE
chr3:195977773:T:T[chr7:103401284[	BND	41		11		6.4517	7.0876	False	FALSE
chr3:196745097:G:<DUP:TANDEM>	DUP	116	40	79	1.975			False	FALSE
chr3:198807101:T:[chr11:6534727[T	BND	34	3	3	1	6.4517	7.178	False	FALSE
chr3:198878903:TCCCAGCTACTTGGGAGGCTGAGGCAGGAGAATCGCTTGAATCTGGGAGGTGGAGGTTGCAGTGAGCCAAGATGACACCACTGCACTCCAGCCTGGGCAACAGAGTAAGACTCCATCTCAAAAAAAAAAAAAAAAAGACTCTAAATAGTGTTTATATATGGTGTATATATATATATATATCTTTGATGTATATCTTTGTCCATCAGGTCAGCTTGTTCTTTCGAAACCCTCTCCAGTCACTAGTTTTGTTGTCGTTGTTGTTGTCTGAGACGGAGTTTCGCGCTCGTCACCCAGGCTGGACTGCAATGGCATGATCTTGGCTCACTGCCACCTCCGCCTCCCAGGTTCTAGCAATTCTTCTGCCTCAGCCTCCCAAGTAGCTGGGATTACAGGTGCGGGCCACCACA:T	DEL	37	25	4	0.16			False	FALSE
chr4:10661379:A:A]chr14:84387189]	BND	34	3	3	1	7.0484	7.1915	False	FALSE
chr4:21840906:T:T[chr3:131349902[	BND	33	3	3	1	6.6398	7.0484	False	FALSE
chr4:26204429:A:A]chr12:94429860]	BND	36	4	4	1	6.6398	7.1086	False	FALSE
chr4:39045606:A:A]chr2:113640365]	BND	32	3	3	1	6.7071	6.7665	False	FALSE
chr4:44140567:C:C]chr11:85651380]	BND	34	3	3	1	5.8727	6.7071	False	FALSE
chr4:44886504:T:T]chr16:7071699]	BND	34	3	3	1	5.8727	6.7665	False	FALSE
chr4:44932274:T:<DUP:TANDEM>	DUP	35	3	3	1			False	FALSE
chr4:57711011:CACTCTGTCACCCAGGCTGGAGTGCAGTGGCATGATCTCGGCTTACTGCAGCCTTGACCTCCTGGGCTTGGGTGATTCTTCCACCTCAGCCTCCCCGAGTAGTTGAGACTACAGGTGCCTGCCACCACGCCCAGCTAATGTTTTGTATTTTTAGTAGAGATGGGGTTCCACTATGTCACCCAGGCTGGTCTTGAACACCTGAACTCAAGGAATCCACCCGCCTCAGCCTCCCAGAGTGCTGGGATTACTGGCATGAGACACTGCACCTGGCCACAAAAGTCTATTTAAGAGTACAAATGAGGGAAAAATAATCTAGTTTTGCCAATTATATTATCACTAAAGCTCTTACGTTGTTGTAAAAAGTCACCAGACATATTGTATAATGTCACATCCGTCTTTCTTTCTTTCTCTCTCTCCTTCCTTCTTTTTTTTTTTTTTTCTTTCTTTCCTCCCTCCCTCCTTCCCTGCTTCCTTCCTTCCTTCCTTCTCTCTCTCTCTCTCTCTTTCTCTTTAGAGACAGGGTCTT:C	DEL	37	14	13	0.928571428571429			False	FALSE
chr4:143530366:G:[chr13:90260085[G	BND	35	3	3	1	7.3617	7.5664	False	FALSE
chr4:166528921:G:G[chr3:6277931[	BND	35	3	3	1	7.1415	7.3617	False	FALSE
chr4:180381012:A:[chr15:41050997[A	BND	31	3	3	1	7.0062	7.1415	False	FALSE
chr4:190525368:G:]chr9:85529987]G	BND	33	3	3	1	7.0062	7.3801	False	FALSE
chr5:10394:T:[chr9:136142849[T	BND	352	134	26	0.194029850746269	3.3069	5.9887	False	FALSE
chr5:10512:G:<INV>	INV	187		119				False	FALSE
chr5:12421:C:]chr9:136142925]C	BND	252	166	53	0.319277108433735	3.3069	5.9878	False	FALSE
chr5:1113412:T:<INV>	INV	82		140				False	FALSE
chr5:1630666:T:]chr18:39452160]T	BND	38		15		5.8102	6.209	False	FALSE
chr5:7193217:A:A]chr2:167970748]	BND	46		13		4.5545	6.7453	True	FALSE
chr5:7229066:T:T[chr15:26610536[	BND	43		11		4.5545	6.7481	False	FALSE
chr5:7309712:T:<DEL>	DEL	63	14	13	0.928571428571429			True	FALSE
chr5:16952123:CTGCAGTGAGCTGTGTTTGTGCCACTGCACTCCAGCCTGGGTGACAGAGCAAGATCCCGTTTCATAAAACAATACAAAAAAACCCATTTGACTTAAAATATTTACATCTACATTCCTTTGTCGATCTTTTGATGTAGGGCCAAGGATTTCTTTTTTTTTTTTTTGCGTATAAGGTTTTTGCCCACTGATTGGAATACAGCATCATCTTTCTTGAATAACTGACATCCTCCAGTATACCATCTATGAGTTCTAACTTTCGTTTCTTTATTACAAAGGAGAACTCAAAGAATTTGTGAAGCAATCAAAGTACATAATTCTTCTAGATTTTCATGACGCAACCCACCTTGAGTCATATATGGTTCTTACCCAAATTTACTTTGACAGCAGTTGTTAGTTACTTTTATTCCATCTTTGCAAAGTAGTAGTCAACTGTAGTTTCTTTTTTTTTTTTTTTTGAGACGGAGTCTTGCTCTGTCGCCCAGGCTGGAG:C	DEL	30	11	0	0			False	FALSE
chr5:27248345:C:]chr1:117544787]C	BND	176	49	101	2.06122448979592	6.2434	6.3745	False	FALSE
chr5:28999912:T:[chr16:7240382[T	BND	33	3	3	1	5.7904	6.2434	False	FALSE
chr5:29617039:A:[chr12:19809675[A	BND	35	3	3	1	5.7904	6.3745	False	FALSE
chr5:39010737:T:T[chr6:150911803[	BND	34	3	3	1	6.5905	6.9728	False	FALSE
chr5:42905739:C:[chr7:131202546[C	BND	33	3	3	1	6.5905	7.0907	False	FALSE
chr5:55227527:A:]chr12:14073891]A	BND	35	3	3	1	7.044	7.0907	False	FALSE
chr5:66292621:A:]chr22:29131574]AAAAAAAAAAAAAAAAA	BND	124	16	60	3.75	6.9483	7.044	False	FALSE
chr5:75169627:T:T[chr13:53936847[	BND	34	3	3	1	6.6281	6.9483	False	FALSE
chr5:79416689:G:G[chr15:80697865[	BND	33	3	3	1	6.6281	7.0111	False	FALSE
chr5:89675111:T:T]chr3:46225657]	BND	35	3	3	1	6.4622	7.0111	False	FALSE
chr5:101044687:T:T[chr10:25285655[	BND	34	3	3	1	5.5844	6.8037	False	FALSE
chr5:101428791:T:T]chr13:27158017]	BND	34	3	3	1	5.5844	6.7767	False	FALSE
chr5:107408126:T:T]chr13:50198817]	BND	50		14		6.7767	6.8037	False	FALSE
chr5:125482569:T:T[chrX:38128671[	BND	31		7		6.2738	6.7627	False	FALSE
chr5:127361106:T:T]chr8:83339465]	BND	33	3	3	1	6.2738	6.5923	False	FALSE
chr5:131272654:T:[chr9:106794434[T	BND	67	20	7	0.35	6.5923	6.7627	False	FALSE
chr5:140087418:G:G]chr2:45484291]	BND	34	3	3	1	6.4392	6.8142	False	FALSE
chr5:142836695:G:]chr7:116855412]G	BND	34	3	3	1	6.4392	6.5764	False	FALSE
chr5:146606805:A:[chr2:26368153[A	BND	34	3	3	1	5.0295	6.5499	False	FALSE
chr5:146713827:A:]chr7:112362500]A	BND	36	5	5	1	5.0295	6.5366	False	FALSE
chr5:150154405:G:G]chr9:85003825]	BND	34	3	3	1	6.5366	6.5499	False	FALSE
chr6:12186232:C:C[chr1:147448745[	BND	31	3	3	1	7.2051	7.2482	False	FALSE
chr6:28221657:T:]chr19:22451074]T	BND	33	3	3	1	6.2238	6.6175	False	FALSE
chr6:29896002:A:A]chr10:128117114]	BND	35	3	3	1	6.2238	6.3928	False	FALSE
chr6:32366795:G:G[chr1:9908170[	BND	74		32		6.0231	6.3928	False	FALSE
chr6:37597742:GTAATCCCAGCACTTTGGGAGGCCAAGGTGGGCGGATCACGAGGTCAGGAGATGGAGACCATCCTGGCTAACACGGTGAAACCCCGTCTCTACTGCAAATACAAAAAAAAATTGCCGGGCGTGGTGGCGGGCGCCTGTAGTCCCAGCTACTCAGGAGGCTGAGGCAGGAGAATGGCGTGAACGCGGGAGGCGGAGCTTGCAGTGAGCGGAAATGGCGCCACTGCACTCCAGCCTGGGCAACAGAGCGAGACTCTGTCTCAAAATAATAATAATAATAATAATAATTTCAAAGGATAATGGCTTAAAATCAATATAAAGGTTGAAAGATCAAGTTGTGGGACTCTCCCATGAAATAGAAAAAAACAAAACAAAGAGTGGGAATATGAGAGACAAAAATAAAAAAATCCAAAGATTAGTCAATTAAGTCTAACATAGGACTAATAAGAATATCAGAAAAAGAAGAACAGGCTGGGGAGCAGTGGCTCATGCCTA:G	DEL	33	12	2	0.166666666666667			False	FALSE
chr6:41308082:A:]chr12:54211601]A	BND	30	3	3	1	6.787	6.787	False	FALSE
chr6:52159240:C:]chr15:38217015]C	BND	49		13		7.0355	7.2298	False	FALSE
chr6:65858112:T:<DUP:TANDEM>	DUP	42	29	0	0			True	FALSE
chr6:77687143:G:G]chr3:55679588]	BND	33	2	3	1.5	7.407	7.5405	False	FALSE
chr6:112402643:G:]chr20:12978087]G	BND	35	3	3	1	6.43	6.8193	False	FALSE
chr6:115094455:T:T]chr11:60892513]	BND	34	3	2	0.666666666666667	6.43	6.5916	False	FALSE
chr6:118998924:G:[chr13:80575645[G	BND	35	3	3	1	6.5916	6.8173	False	FALSE
chr6:125565196:G:G[chr8:131260419[	BND	34	3	3	1	6.8173	6.8519	False	FALSE
chr6:132676376:G:[chr20:49840626[G	BND	36		12		2.7945	6.843	False	FALSE
chr6:132676999:C:C]chr20:49840389]	BND	36		4		2.7945	6.8429	False	FALSE
chr6:139642035:A:A[chr17:36180372[	BND	32	3	3	1	6.5904	6.8429	False	FALSE
chr6:143536440:T:T[chr8:141143541[	BND	34	3	3	1	6.5904	6.8678	False	FALSE
chr6:150911803:G:]chr5:39010737]G	BND	34	3	3	1	5.6939	6.3115	False	FALSE
chr6:151405961:T:[chr7:155394762[T	BND	34	3	3	1	5.6939	6.1916	False	FALSE
chr6:152960409:G:[chr1:64903931[G	BND	35	3	3	1	6.1916	6.3115	False	FALSE
chr6:161127631:A:[chr3:145863185[A	BND	34	3	3	1	6.9009	6.9121	False	FALSE
chr6:169087960:T:]chr11:44665181]AT	BND	57	20	0	0	6.9009	7.2076	True	FALSE
chr7:6443979:A:[chr15:63341295[A	BND	33	3	3	1	7.329	7.5126	False	FALSE
chr7:27773377:T:[chr3:147104853[T	BND	34	4	4	1	7.0501	7.1248	False	FALSE
chr7:35540419:TGCCTGGATGTGTCTAAGCTGCAGGCTGAGCACATCCAGGCCTCTATGTGGGATCCCCACCACAATGAGCACAGTGCAGGTTTTCCTTATTGCAAACTCCAGCATCTGCTTTCAGACTAGCAGCCCAATCTTCTCCAAAAGGAAAGAGCAGACCCACATTGGAGGCAGAGCTGGGATGGAATTGTACATGGTTTTTATAGTTGCAGTGGGATCTCACTTATGAATGTGTATCTAATGCTGTTTGTGAACATTTAAACTGTCATCGTGGGATTTAACATTTTGATGTAGTCAATTCTGCTGCAACATGACATAAGTGTTCTTAAAATTCACCAGGCTATGCAGAATCACACAAGAAAAACAGGGCTCATGGGAAAAACAAAGTTAGGGCACAGCAATCCAAAACTTCACTAGTGACACATTTAGAAAAAAAAAAAAAAAATGACAGGAACCTGGTAAAAATATGACAAATGATTACACATGATGAAGGGTTAAAAATATATAGAAATATCATAATAAATAGGGTGCTTTACCTTGAAAGGAACTTAAAAATCTGCTCGAGGGAATGGGAAGGGTTACAGTTTGTGAGGTTACTGTGAAGTGGTGCAAATAGTACCAGCACACAGCCACTCTCCTTTTAGGGAAAGATTAGGCTGCTAGTCTGAAAGCAGATGCTGGAGTGTGCAATAAGGAAAACTCGCACTGTGCTCATTGTGGTGGGGTCCCACATAGAG:T	DEL	30	10	0	0			False	FALSE
chr7:37263159:G:<INV>	INV	45		12				False	FALSE
chr7:38994989:A:[chr12:94859374[A	BND	33	3	3	1	6.3239	6.3289	False	FALSE
chr7:41103276:C:C]chr8:129657568]	BND	33	3	3	1	4.3839	6.3239	False	FALSE
chr7:41127483:A:A[chr1:51627528[	BND	34	3	3	1	4.3839	6.3289	False	FALSE
chr7:44148982:CTGCAGTGAGCCAAGACGGCACCACTGCACTCCAGCCTGGATGACAGAGTGGGACCCTGCCTCAAAAAAAAAAAAAAAAAAAAAAAAAAAACCAACCTAGGAGGAGTTGGTGTCTGTTTTTGGTTCGTAGGGAGTGCCGGTCAAGCAAACTCCCTGGAGTCTCTTTTATTTATTATTATTATTATTTTTTTTTTTTGAGGCAGGGTCTCACTCTGTTGCCCAGGCTGGAG:C	DEL	30	13	0	0			False	FALSE
chr7:56648516:T:T]chr17:62571083]	BND	33	3	3	1	7.1909	7.1916	False	FALSE
chr7:70697839:GCCACTGCACTCCAGCCTGGGCAACAGAGTGAGACTCTGTCTCAAAAAAAAAAAAAAAAAAAAAAAAAGACACAAGGCTAAGGCAGAAGGATAGCTCGAAGCCAGGAGTTTGAGACCATCCTGAGAAACATAGTGAGACTTCTTAGTCTATTAAAAAAGAAATGTTTTTTTTTGAGACAGGGTCTCACTCTGTTGCCCAGGCTGGAATGCAGTGGTGCAATCACAGTTCACTATAGCCTCAACCTCCTGGGCTCAAGTGATCCTCCCACCTCAACCTCCCAAGTAGCTAGGACTACAGGTATGCACCACCACACCTGGCTAAATTTTTATTTTTGTAGCGACAAAGTCTCACTGTGTTGCCCAGGCTGGTCTCAAACTCCTGGGCTCAAGTGATCCTCCCACCTCCGTCTCCCAAAGTGCTGGGATTACAAGCATGAGCCACTGTACCTGGCCTCACAAAAAAATTTTTTTTAATTAACCAGGCTCACCTGTGGTCCCAGCTACTCAGTAGGCTGAAACAGGGGAATCTCTTGAGCCCAGGAGTTGGAGGCTGCAGTGAGCTATGATCACA:G	DEL	31	12	2	0.166666666666667			False	FALSE
chr7:82199948:G:[chr17:52054723[G	BND	34	3	3	1	6.4067	7.2291	False	FALSE
chr7:84750593:G:]chr17:40216349]G	BND	34	3	3	1	6.4067	7.1583	False	FALSE
chr7:99148925:G:[chr3:128509374[G	BND	50		21		6.6286	7.121	False	FALSE
chr7:112362500:C:C[chr5:146713827[	BND	36	5	5	1	6.2201	6.5135	False	FALSE
chr7:114022432:T:T[chr3:51468757[	BND	31	2	3	1.5	6.2047	6.2201	False	FALSE
chr7:114476346:C:<DEL>	DEL	32	3	10	3.33333333333333			False	FALSE
chr7:115624717:C:C]chrX:22716027]	BND	33	3	3	1	6.0902	6.2047	False	FALSE
chr7:116855412:T:T[chr5:142836695[	BND	34	3	3	1	6.0902	6.1406	False	FALSE
chr7:118237704:C:]chr1:11176387]C	BND	34	3	3	1	6.1406	6.4171	False	FALSE
chr7:131202543:G:[chr5:42905742[G	BND	33	3	3	1	5.1479	6.9374	False	FALSE
chr7:131343112:A:A[chr21:18005810[	BND	34	3	3	1	5.1479	6.9303	False	FALSE
chr7:155394755:C:[chr6:151405968[C	BND	34	3	3	1	4.9744	6.5273	False	FALSE
chr7:155489040:A:A[chr2:153534837[	BND	43		12		4.9744	6.5149	False	FALSE
chr7:157341759:G:<DEL>	DEL	32		9				True	FALSE
chr7:158761844:T:T]chr8:93042737]	BND	33	3	3	1	6.5149	6.5273	False	FALSE
chrX:13256588:A:[chr22:23008820[A	BND	77		13		2.5705	6.9759	False	FALSE
chrX:13256960:G:G]chr22:23008657]	BND	77	38	11	0.289473684210526	2.5705	6.9758	True	FALSE
chrX:22716024:T:T]chr7:115624720]	BND	33	3	3	1	6.9758	6.9759	False	FALSE
chrX:33516912:T:[chr22:25680043[T	BND	30		4		2.7896	6.6639	False	FALSE
chrX:33517528:T:T]chr22:25679871]	BND	30		4		2.7896	6.6638	False	FALSE
chrX:38128671:G:]chr5:125482569]G	BND	31		7		6.6638	6.6639	False	FALSE
chrX:85441203:G:G[chr1:102593054[	BND	40		13		6.5138	7.4913	False	FALSE
chrX:88705468:T:T[chrY:3510210[	BND	47		20		6.5138	7.5347	False	FALSE
chrX:131679064:C:]chr11:110635122]C	BND	43		5		2.8007	7.3102	False	FALSE
chrX:131679696:A:A[chr11:110635222[	BND	43		8		2.8007	7.3102	False	FALSE
chrX:152107943:G:]chr1:110034514]G	BND	32	3	3	1	7.3102	7.3102	False	FALSE
chr9:9656566:A:A]chr8:79426440]	BND	34	3	3	1	7.3177	7.8771	False	FALSE
chr9:18747838:A:<DUP:TANDEM>	DUP	621	74	22	0.297297297297297			False	FALSE
chr9:18748582:A:<INV>	INV	207		26				False	FALSE
chr9:20096812:T:<INV>	INV	458		51				False	FALSE
chr9:27750673:AGTTAGCTGTTAGTAACCAGCTAATAGCACAATGACAGGATCAAATCCATGCATATCAATACTAACCTTGATATCAATACAAACCTTGATACGTGTGGATTTGATCCTGTCATTGTGCT:A	DEL	41	15	0	0			False	FALSE
chr9:30439025:G:]chr10:56313063]G	BND	33	3	3	1	7.3177	7.7369	False	FALSE
chr9:51068245:G:<DEL>	DEL	88	26	9	0.346153846153846			False	FALSE
chr9:71396646:ATGGAATGGAATGGAGTGATACGGAATAGAATGGAATGGAACGAAATGGAATGGAATGGAATGGAATGGAATGGAATGGATTGGAATCGTTCCGAGTGGAATAGGAGGGAATGTATTCGAGTGGAATGGAAAGGAATGGAATCAACCAGAGTGGAATGGAAGGGAATGGAATGGAATGGAAACTAATAGAATGGAATCAACCCGAGTGGAATGGAATGGAAAGGACTGGAATGGAATGGAATGGAATGGAATGGAATGGAATCAACTCGATTGTAATGGAATGGAATGGAATGGAATGGAATGGAATGGAATGGAATTAACCCGAATACAATGGAATGGAATGGAG:A	DEL	54	27	5	0.185185185185185			False	FALSE
chr9:71876601:CACTCGGGTTGATTCCATTCTATTAGTTTCCATTCCATTCCATTCCCTTCCATTCCACTCTGGTTGATTCCATTCCTTTCCATTCCACTCGAATACATTCCCTCCTATTCCACTCGGAACGATTCCATTCCATTCCATTCCATTCCATTCCATTCCATTCCATTCCATTCCATTCCATTCCGTTTCGTTCCATTCCATTCTATTCCGTATCATTCCATTCCATTCCATTCCATTCCCTTCCATTCCATTCCACTCGTGTTGATTCCATTCCTTTCCATTCCATTCGGTTTGAAGGCATTCCATTCCATTCCATTCCATTCCATTCCATTGT:C	DEL	42	21	10	0.476190476190476			False	FALSE
chr9:73307490:GGAATGGAATGGAATGCAATGGAATGGAATCTTCGGGAATGGAATGGAATGGAATGGAATGGAATGGAATGGAATGGAATAAACCCGAGTGCAATGGAATGGAGTGGAATGGAATGGAATGGAATGGAACAACCCGAATGGAATGGAATGTAATGGAGAGTAAGGGAGTTGAATAGAATCAATCCGAATGTAATGGAATGGAATGGAACGGAATGGAATTGAATGGAATGGAATGGAATGGAATGGAATGGAATCAACCCGAGTGCAATGGAATGGAGAGGAATGGAATGGAATGGAATGGAAACTACCCGAATGGAATGGAATATAATGGACTGTAAGGGAATTGAATAGAATCAATCCGAATATAATGGAATGGAATGGAACGGAATGGAATGGAATGGAATGGAATGGAATGCAATGGAATGGAATCAACCCGAGTGCAATCGAATGGAATC:G	DEL	40	18	4	0.222222222222222			False	FALSE
chr9:73836880:TGATTCCATTCCATTCCATTACAATCCATGCCATTCCAATCGTGTTGATTCCATTCTTTCCATTCCATTCAAGTTGAATCCCTTCCATTGCATTCT:TC	DEL	34	9	0	0			False	FALSE
chr9:74069992:GAATGGAATTACCGCGAATAGAATGGAATGGAATAGAATGGAATCGAATGGAATGGAATGGAATGGAATCAACCTGAGTGCAGGGGATAGGAATGGAATGGAATGCAATGGAATGGAATGA:G	DEL	33	15	0	0			False	FALSE
chr9:75599785:ATGGAATGGAATGGAATGGAATGGAATGGAATGGAATGGAACGGAACGGAATGGAAT:AC	DEL	31	17	0	0			False	FALSE
chr9:75851196:CCATTCCATTCCATTCCATTCAATGCCATTCCACTCGTGTTGATTCCATTCCTTTCCATTCCATTCGAGTTGAACCCATTCCATTCCATTCCATTCCATTCCATTCCATTCCATTCCATTCCATTCCATTCCATTGCACACGGGTT:C	DEL	30	21	0	0			False	FALSE
chr9:76179464:GAACGGAATGGAGTGGAATGGAATGGAATCAACCCGAGTGCAGGGGAATGGAATGGAATGGAATGCAATGGAATGGAATCATCCGGAATGGAATGGAATGGAATGGAATCGTTCTGAGTGGAATAGGAGGGAATGTATTCGAGTGGAATGGAAAGGAATGGAAAAAACCTGAGTGGAATGGAAGGGAATGGAATGGAATGGAAACTAATAGAATGGATTCAACCCGAGAGGAATGGAATGGAAAGGACTGGAATGGAATGGAATGGAATGGAATCAACTTGATTGTAATGGAATGGATTGGAATGGAATGGAATGGAATGGTACGGAACGCAATGGAATGGAATGGAATGGAATGGAACGGAAAGGAAGGGAATGGAATGGAATAGAATGTAATGGAATGGAATCAACGCGAGTGCAGGGGAATGGAATGGAATGGAATGCAATGGAATGGAATGTTCCGGAATGGAATGGAATGGAATGGAATGGAATCAACCCGAGTGC:G	DEL	33	12	5	0.416666666666667			False	FALSE
chr9:76232374:G:<DUP:TANDEM>	DUP	74	43	7	0.162790697674419			False	FALSE
chr9:76236688:GTGGAATGGAATGGAATCAACCCGAGTGCAGGGGAATGGAATGGAATGGAATGCAATGGAATGGAATCATCCGGAATGGAATGGAATGGAATGGAATGCAAAGAAATGGAATCAACTCGATTGCAATGGAATGGAATGGAATGGAAAGGAATAGAATGGAATCAAACCGAGTGTAATGGAATGGAAAGGACTGGAATGGAGTGGAATGGAATGGAATGGAATGGAATGGAATTAACCCGAATAGAATGGAATGGAATGGAATGGAATGGAAAGGAATGGAGTCAACCCGACTGCAGGGAATGGAAGGGAATGGAATGGAATGGAATGGAATCATCCGGAACGGAATGGAATGGAATGGAATGGAATGGAATCAACTCGATTGCAATGGAATGGAATGGAATGGAATGGAATATAATGGAATTAACCGGAATAGAATGGAATGGAATGGAATGGAACGGAATGGAATGGAATGGAATGGAATGGAATGGAATGGAATGGAATCAACCCGAGTGCAGGGGAATGGAATGGAATGGAATGCAATGGAATGGAATCATCCGGAATGGAA:G	DEL	94	51	57	1.11764705882353			False	FALSE
chr9:76299480:CCATTACATTCAGATTGATTCTATTCAACTCCCTTACTCTCCATTACATTCCATTCCATTCGGGTTGTTCCATTCCATTCCATTCCATTCCACTCCATTCCATTGCACTCGGGTTGGTTCCATTCCATTCCATTCCATTCCGGATGATTCCATTCCATTGCATTCCGTTCCATTACTTTCCCCTGCACTCGCGTTGATTCCATTCCATTCCATTCCATTCCATTCAATTCCATTCCATTACAATTCGTTCCATTCCATTCTATTCCGTACCATTCCATTCCATTCCATACCATTCCATTCCATTCCATTCCGTTCCATTCCGTTCCATTCCATTCC:CA	DEL	30	9	3	0.333333333333333			False	FALSE
chr9:81496474:CTAGATTCCACTGGGGTGTGGGAGTTAACGAGATTCCACTGGGGTATGGGCGTTAATGTTAACTAGATTCCACTGGGGTATGGGAGTTAACTAGGTTCCACTGGGTTTAATTAGATTCCACTGGGGTATGGGAGTTAACTAGGTTCCACTGGGTTTAATT:CG	DEL	42	26	0	0			True	FALSE
chr9:85003824:T:T]chr5:150154406]	BND	34	3	3	1	5.7211	7.1378	False	FALSE
chr9:87125403:G:<DEL>	DEL	94	51	79	1.54901960784314			False	FALSE
chr9:87803874:GTCCTCATTTCCCTTCCCTCTTTCAGCAAAAACTCTGGGTGTGAGGGAGAAGGAAGAAGCCT:G	DEL	73	38	0	0			False	FALSE
chr9:87945489:T:<INS>	INS	30	51	0	0			False	FALSE
chr9:92863869:CATTGCCCCTGATCATACTAGGTGCTCTATTATTCAAACTCCAGTACCTAAGGATCTTAGACATGTGTTGTTTCTTACTTCTTTAATAACAAACTCA:CG	DEL	65	55	0	0			False	FALSE
chr9:98738085:G:GCGA]chr18:42934128]	BND	70	53	6	0.113207547169811	6.9061	7.1208	False	FALSE
chr9:100851056:GATTTGTCTGTAAGGTTTTATTAAAAATTGGATTTAACATTAATAGTATACTAATGTAAAGGTGACATTTGGCTTACTTGGTGTAAAAATCATACAGGAAGCGCTGTCAAATATGAAATGGTATTTGGCTTTCTTTGGGCTGTATTTGTATAACTCTGTTATTGGTATGTGTTTCAAAATTATAGTAAACTCCTATAATTCTGATATAATTAAGTGTATGTTATTAATAATTATAAATGTTACATAAAATTATTGTATACCACAGAGGTAACAAAATTTCTTTGTCAATCGTGTT:G	DEL	89	66	44	0.666666666666667			False	FALSE
chr9:103006761:ATGTGTGTAATGTGTTGTGTGTGTAGTGTGTATGTAGTTTGTATGTGGTATGTGTGCAGTGTGTGTGT:A	DEL	69	45	0	0			True	FALSE
chr9:106794434:T:[chr5:131272654[T	BND	67	20	7	0.35	6.886	6.9061	False	FALSE
chr9:108471684:CCCAAACAATTTCTCACACGGTAATTTTTTTAATTTCCATTGCTAAGTTTTTAAGGTTGCCAGGTTTAGCAAATAAGGATACAGAATGCCCACTTAAATTTGAAATTAAGGTAAATTATGAATTGTTTAATGCATGTCTCATGCCATATGTGAGTTATACTAACAAAGTATTCCTTTTTTTCTGAAATTTAAATTTAACTGGGTATCCTGTATTTTATCTGGCAGCCCTATAAGCATATTAGAATCTTTCCTATTTTGCCTAGATAATATCTCTAAAGTCACTTAATCATTTTTGTCATTGGATTCTTTGTGTGTGTGTGTGTGTGTGTGTGTGTGT:C	DEL	102	54	45	0.833333333333333			False	FALSE
chr9:108472790:C:<DUP:TANDEM>	DUP	35	3	3	1			False	FALSE
chr9:108472796:TAAAAATACAAAACGGGCCGGGCGCGGTGGCTCACGCCTGTAATCCCAGCACTTTGGGAGGCCGAGGCGGGCGGATCACGAGGTCAGGAGATCGAGACCATCCCGGCTAAAACGGTGAAACCCCGTCTCTACTAAAAATACAAAAAATTAGCCGGGCGTAGTGGCGGGCGCCTGTAGTCCCAGCTACTCGGGAGGCTGAGGCAGGAGAATGGCGTGAACCCGGGAGGCGGAGCTTGCAGTGAGCCGAGATCCCGCCACTGCACTCCAGCCTGGGCGACAGAGCGAGACTCCGTCTCAAAAAAAAAAAAAAAAAAAAAAAAAAAAAAAA:T	DEL	39	53	76	1.43396226415094			False	FALSE
chr9:110438413:GTGAGGTGTGTTTTTTTTTTTTTTTTTTTTTTTTTTTTTTTTTTTTTTGAGACGGAGTCTCGCTCTGTCGCCCAGGCTGGAGTGCAGTGGCGGGATCTCGGCTCACTGCAAGCTCCGCCTCCCGGGTTCATGCCATTCTCCTGCCTCAGCCTCCCAAGTAGCTGGGACTACAGGCGCCCGCCACTACGCCCGGCTAATTTTTTGTATTTTTAGTAGAGACGGGGTTTCACCGTTTTAGCCGGGATGGTCTCGATCTCCTGACCTCGTGATCCGCCCGCCTCGGCCTCCCAAAGTGCTGGGATTACAGGCGTGAGCCACCGCGCCCGGCC:G	DEL	61	23	36	1.56521739130435			False	FALSE
chr9:114485618:A:[chr8:18269219[A	BND	35		14		6.886	6.9007	False	FALSE
chr9:117234722:GGATTACAGGTGTGAGCCACCACGCCAGACTAAAGAGTGCTGTTTTTACATCGTAATGAATTCATCCCCCTTGCCCTGACCAATCGATTACCCCAATTTCTTTTTTTCTTTTTTTCTTTTTTTTTTTTGAGATGGAGTCTCACTCTCTTTCCCGGGCTGGAGTGCAGTGGCGCAGTCTCAGCTTACTGCAACCTCTGCCTCCTGGGTTCAGAGGTTTCTCCTGCCTCAGCCTCTGGAGCAGCTGGGATTACAGGTGTGTGCCACCACACTTAGCTAGTTTTTGTATTTTTAGTGGAGACAGGGTTTCACCATGTTGGCCAGGCTGGTCTTGAACTCCTGACCTCAAGTGATCTGCCCACCTTGGCCTCCCAAAGTGCTGA:G	DEL	96	54	59	1.09259259259259			False	FALSE
chr9:122441073:C:C]chr11:113527131]	BND	34	3	3	1	6.9007	7.1368	False	FALSE
chr9:131266503:TAAAACAACAGTGCACCTGGCTAACACGGTGAAACCCCGTCTCTACTAAAAATACAAAAAATTAGCCGGGCGTGGTAGCGGGCGCCTGTAGTCCCAGCTACTCGGGAGGCTGAGGCAGGAGAATGGCGTGAACCTGGCAGGCGGAGCTTGCAGTGAGCCGAGATCGCGCCACTGCACTCCAGCCTGGGCGACAGAGCGAGACTCCGTCTCAAAAAAAAAAAAAAAAAAAAAAAAAAAAAAAAAAA:T	DEL	64	39	0	0			False	FALSE
chr9:136142847:T:[chr5:10396[T	BND	352	134	26	0.194029850746269	1.8921	6.7431	False	FALSE
chr9:136142925:G:G[chr5:12421[	BND	252	166	53	0.319277108433735	1.8921	6.7431	False	FALSE
chr9:138423516:CCTTGCGGTGGCGGGCTCCTGTAGTCCCAGCTACTTGAGAGGCTGAGGCAGGAGAATGGCGTGAACCCAGGAGGCGGAGCTTGCAGTGAGCCGAGATCGCGCCACTGCACTCCAGCCTGGGCGACAGAGCCAGACGCTGTCTCAAAAAAAAAAAAAAAAAAAAAAAAAAGAATCTCTCACC:CT	DEL	67	76	0	0			False	FALSE
chr9:139614712:CCACTGTACTCCAGCCTGGGAGACAGAACAAGACCCCAACCCCACCCCCGCAAAAAAAAAAAAAAAAAAAAAAAAAGATTTCAGTTCTATCTTGAAAGATCTCACTTCCAACACACATGCTGTCTAGCAACACTAAGTAGAGGGGACCATTCTTCCCAACTCACGGCTGCTTTGTCCACTTCCCAGACCTGCAGCCCCAGCACCTGCCCACCTTGGCATCTCCCATTAAGTCACATAATGAGGGCAGAGAGCAGGGGCCTGTTTTTGCGGACACTTGAAGTACAGCATGGACCAGGCAGAGCAAGGCGCCGGATCAGATCAGTTCCAGAAGATATGCAGCAGCTGCTCTGATTTCAGTGAAATGTGTGAAACCATGCACAGGACTTTGGACAACTCTCAGCTGTAGCAAATCCAGTTTCCCCTTGGGCCTTCCAGAAGCAGGGTCCTGTCTCCACGCAGGAGCATCTCCCGTGGCAATGGCT:C	DEL	33	57	93	1.63157894736842			False	FALSE
chr9:141678132:T:T]chr11:24540278]	BND	34	3	3	1	6.549	6.7431	False	FALSE
chr9:143567548:A:<DEL>	DEL	32	42	72	1.71428571428571			False	FALSE
chr9:145162423:A:<DEL>	DEL	42		12				False	FALSE
chr9:145217700:G:G[chr12:48456001[	BND	34		12		6.3107	6.549	False	FALSE
chr9:146686692:TCCTTCCATGTCAGGGTCCTCCTGAACT:TTCTCCTGAGCCTGGGATACTCCTGAGTCGGGGTCCATCTGAGCTGGGGTCCTCCTGAGCCTGGGTCCTCCTTAGCCTGGGTTCTCCTGAGTTGGGGTCCTTCTGAGCCTGGGTAGTCCTGAGCCTGGGAACCTCCTGAGCCTGGGATCCTTCTGAGCCTGGGGCCCTCCTGAGTTG	INS	51	28	0	0			True	FALSE
chr9:147262806:G:[chr2:41095686[G	BND	33	3	3	1	6.3107	6.747	False	FALSE
chr9:148969751:T:<DUP:TANDEM>	DUP	45	6	7	1.16666666666667			False	FALSE
chr8:18269219:G:[chr9:114485618[G	BND	35		14		7.3056	7.3307	False	FALSE
chr8:38480338:T:T]chr17:23100156]	BND	195	67	112	1.67164179104478	6.0811	6.0812	False	FALSE
chr8:39685755:T:]chr12:30873910]T	BND	67		41		1.9542	6.0811	False	FALSE
chr8:39685845:A:]chr1:24054807]A	BND	680	253	337	1.33201581027668	1.9542	6.0812	False	FALSE
chr8:41341266:G:<DEL>	DEL	33	9	6	0.666666666666667			False	FALSE
chr8:41887444:G:G[chr1:32497480[	BND	33	3	3	1	5.8848	6.0595	False	FALSE
chr8:43034366:G:G[chr12:29236150[	BND	366	96	178	1.85416666666667	5.5798	6.0595	False	FALSE
chr8:54402540:G:<DEL>	DEL	46	4	7	1.75			False	FALSE
chr8:79426436:A:A]chr9:9656570]	BND	34	3	3	1	6.5651	6.5925	False	FALSE
chr8:83100183:T:T[chr11:122453672[	BND	33	3	3	1	5.3789	6.5651	False	FALSE
chr8:83339464:C:C]chr5:127361107]	BND	33	3	3	1	5.3789	6.5925	False	FALSE
chr8:94907427:A:]chr10:104173525]A	BND	33	3	3	1	6.2706	6.8814	False	FALSE
chr8:99026324:G:<DUP:TANDEM>	DUP	30		15				False	FALSE
chr8:126608358:T:T[chr14:97327089[	BND	39	8	9	1.125	5.257	6.059	False	FALSE
chr8:126789057:C:C]chr2:44290744]	BND	33	3	3	1	5.257	6.1226	False	FALSE
chr8:129657563:A:A]chr7:41103281]	BND	33	3	3	1	6.2049	6.4015	False	FALSE
chr8:131260419:T:]chr6:125565196]T	BND	34	3	3	1	5.9627	6.2049	False	FALSE
chr8:132178183:T:T]chr12:41364340]	BND	33	3	3	1	5.9627	6.1415	False	FALSE
chr8:133563380:C:]chr18:71748936]C	BND	33	3	3	1	6.1415	6.3623	False	FALSE
chr8:141143541:G:]chr6:143536440]G	BND	34	3	3	1	6.0449	6.8797	False	FALSE
chr8:141483028:T:<DEL>	DEL	36	9	10	1.11111111111111			False	FALSE
chr8:142252500:G:[chr12:42695854[G	BND	33	3	3	1	6.0449	6.939	False	FALSE
chr11:3434006:A:[chr3:128463943[A	BND	49		38		6.4915	7.3244	False	FALSE
chr11:27799903:A:]chr1:38269478]A	BND	35	3	3	1	6.5132	7.227	False	FALSE
chr11:45310539:G:G[chr13:54435436[	BND	35	3	3	1	5.8098	5.8975	False	FALSE
chr11:46100237:A:[chr3:50813190[A	BND	35	3	3	1	5.8975	6.1569	False	FALSE
chr11:60892512:T:T]chr6:115094456]	BND	34	3	2	0.666666666666667	6.6595	6.6606	False	FALSE
chr11:64444350:TTAGCTGGGCGTGGTGGCGGGCACCTGTAGTCCCAGCTACTTGGGAGGCTGAGGCAGGAGAATGGCGTGAACCTGGGAGGCGGAGCTTGCAGTGAGCCAAGATCGCGCCACTGTACTCTAGACTGGGCGACAGAGCGAGACTCCGTCTCAAAAAAAAAAAAAAAAGAATGCAGAAAGAGGGTCTTTGTCATAACTCTATTGAGCACACCAGTGTGGCCCCTGCAAAAACCATGTGCATTGATGCATTGTGGCATTATTGGAGAACCACGAATTTAACAGAGTGTTCTCCCCAAGTGTATCTTTTTTTTTTTTTTTTTCCAGAGACAGGGTATTGCTGTGTTACCCAGGCTACTGGAGTGCAGCTGCACAATCCTGGGTCACTGCAGCCCTGACCTCCTGGGCTTAATAGATCCTCCTGCCTCAGCCTCCCGAG:T	DEL	32	9	2	0.222222222222222			False	FALSE
chr11:65458145:T:T]chr12:870231]	BND	38	6	6	1	4.0472	5.0684	False	FALSE
chr11:65575206:G:G[chr12:95225951[	BND	33	3	3	1	5.0249	5.0684	False	FALSE
chr11:71974891:A:A[chr2:6369950[	BND	33	3	3	1	6.4504	6.6813	False	FALSE
chr11:76775054:C:C]chr1:32590663]	BND	45	1	11	11	6.6813	6.793	False	FALSE
chr11:82984262:G:G]chr20:37091334]	BND	33	3	3	1	6.426	6.6742	False	FALSE
chr11:85651379:T:T]chr4:44140568]	BND	34	3	3	1	6.3129	6.426	False	FALSE
chr11:87706865:T:TACAA[chr3:124552325[	BND	33	3	3	1	6.3129	6.495	False	FALSE
chr11:90832943:C:[chr12:122414533[C	BND	34	3	4	1.33333333333333	6.495	6.7145	False	FALSE
chr11:103618423:A:[chr18:34120721[A	BND	34	3	3	1	6.8461	6.8461	False	FALSE
chr11:110635122:T:T[chrX:131679064[	BND	43		5		2	6.1379	False	FALSE
chr11:110635222:A:]chrX:131679696]A	BND	43		8		2	6.1378	False	FALSE
chr11:112008777:T:[chr16:88929526[T	BND	43	6	10	1.66666666666667	6.1378	6.1379	False	FALSE
chr11:113527126:A:A]chr9:122441078]	BND	34	3	3	1	6.1814	6.4612	False	FALSE
chr11:122453672:T:]chr8:83100183]T	BND	33	3	3	1	6.283	6.9507	False	FALSE
chr11:124372309:C:C[chr10:5500003[	BND	33	3	3	1	6.283	7.0295	False	FALSE
chr11:135074600:T:T[chr1:25501895[	BND	31	2	3	1.5	7.0295	7.1011	False	FALSE
chr10:3601830:T:T]chr1:56436217]	BND	39		6		1.4771	5.5214	True	FALSE
chr10:3601860:T:[chr1:56435590[T	BND	39		4		1.4771	5.5214	True	FALSE
chr10:3934040:T:[chr16:71819991[T	BND	39		13		5.5214	5.5214	False	FALSE
chr10:5500003:A:]chr11:124372309]A	BND	33	3	3	1	5.4571	5.8977	False	FALSE
chr10:6290145:T:T[chr5:92573942[	BND	44		14		5.7022	5.8977	False	FALSE
chr10:7717869:C:]chr15:55139253]C	BND	33	3	3	1	6.1546	6.2859	False	FALSE
chr10:20207308:AATGAAGAATCTTCGCTTTTCTATTAAGCTGCTTGTCCTGAAATATAGCATAAACAAGATTGTCTTTTAAGAATGCAAAGTAAAAGTTTATTTTTACCTCCTTTTAAGCCTTCCAAACCTAAGTTTAACAAAAGTGTACTAATTATTTTTGTGTGGATTAAATATAAT:A	DEL	35	10	0	0			False	FALSE
chr10:25285655:T:]chr5:101044687]T	BND	34	3	3	1	6.5919	7.1256	False	FALSE
chr10:38640098:T:]chr17:21868553]T	BND	33	3	3	1	6.9753	7.1256	False	FALSE
chr10:56313063:C:C[chr9:30439025[	BND	33	3	3	1	7.2292	7.2473	False	FALSE
chr10:73263474:C:C[chr2:81412012[	BND	35	5	5	1	6.9345	7.0915	False	FALSE
chr10:85608340:C:[chr1:109506696[C	BND	34	4	4	1	6.5733	6.8117	False	FALSE
chr10:92089526:A:[chr22:50628893[TA	BND	33	3	3	1	6.8117	6.9444	False	FALSE
chr10:100887466:A:]chr16:89268149]A	BND	34	3	3	1	6.5167	6.9444	False	FALSE
chr10:104173525:T:T[chr8:94907427[	BND	33	3	3	1	6.5167	7.0822	False	FALSE
chr10:118888066:C:[chr17:6258854[C	BND	35	2	4	2	6.9652	7.1677	False	FALSE
chr10:128117111:T:T]chr6:29896005]	BND	35	3	3	1	6.9652	7.3792	False	FALSE
chr12:870230:C:C]chr11:65458146]	BND	38	6	6	1	7.1207	7.2774	False	FALSE
chr12:14073891:C:C[chr5:55227527[	BND	35	3	3	1	6.7586	7.1207	False	FALSE
chr12:14200913:TGCCACTGCACTCCAGCCTAGGCGACAGACCAAGACTCTGTCTCAAAAAAAAAAAAAAGAAAAAAAAAATATATGTATGTGTGTGTGTGTATATTCTTTTTTTTTTTTTTGAGATGGAGTCTGGCTCTGTCGCCCAGGCTGGAGTGCAGTGGCGTGATCTCGGCTCACTGCAAGCTCCGCCTCCCAAATTCACGCCATTCCCCTGCCTCAGCCTCCCGAGTAGCTGGGACTACAGGCTCCCACCACCACGCCCGGCTAATTTTTTGTATTTTTGGTAGAGACGGGGTTTCACCGTGTTAGCCGGGATGGTCTTGATCTCCTGACCTCGTGATCCGCCCGCCTCGGCCTCCCAAAGTGCTGGGATTACACCTGTGAGCCACAGCGCCTGGCCAACATCATCTTATTCTAAAACATTTCATTTTGCCGGGTGCGGTGGCTCACGAGGTCAGGAGATTGAGACCATCCTGGTTAACACGGTGAAACCCCGTCTCTACTAAAAATACAAGAAATTAGCCAGGCGTGGTGGCGGGCGCCTGTAGTTCCAGCTACTCGGGAGGCTGAGGCAGGAGAATGGAGTGAACCCGGGAGGCGGAGCTTGCAGTGAGCCGAGATCAC:T	DEL	37	13	0	0			False	FALSE
chr12:19809675:A:[chr5:29617039[A	BND	35	3	3	1	6.7586	6.9743	False	FALSE
chr12:29236150:G:]chr8:43034366]G	BND	366	96	178	1.85416666666667	6.2124	6.2142	False	FALSE
chr12:30873814:G:GG[chr1:24054355[	BND	386	233	385	1.65236051502146	1.9823	3.8373	False	FALSE
chr12:30873910:A:A[chr8:39685755[	BND	67		41		1.9823	3.8433	False	FALSE
chr12:31183295:G:[chr16:35677657[G	BND	31	3	3	1	5.4905	5.4906	False	FALSE
chr12:31251064:A:<INV>	INV	86	88	25	0.284090909090909			False	FALSE
chr12:33464140:C:[chr20:58487541[C	BND	34	3	3	1	6.1205	6.3581	False	FALSE
chr12:37971341:T:[chr2:98103663[T	BND	33	3	3	1	6.2491	6.5306	False	FALSE
chr12:41364339:C:C]chr8:132178184]	BND	33	3	3	1	6.1243	6.2091	False	FALSE
chr12:42165556:GCACTTTGGGAGGCCGAGGCGGGCAGATCACAAGGTCAGGCGATCAAGACCATCCTGGCTAACACGGTGAAACCCCGTCTCTACTAAAAATACAAAAATTAGCCGGGCGTCGTGGCGGGCGCCTGTAGTCCCAGCTACTTGGGAGGCTGAGGCAGGAGAATGGCGTGAACGCAGGAGAATGGCGTGAACCCAGGAGGCAGAGCTTGCAGTGAGCCGAGATCGTGCCACTGCACTCCAGCCTGGGCGACAGAGCGAGACTCTGTCTCAAAAAGACAAACAAAAAACTGGTAAGTTTATTCATAAATCTATATGAAAAGCTAATATTTCAGTGGGGATGATTTAATCTCAGTCACTGATGTTAGGAACTAGGTAATATAAACCATAAAATCCTATGCTTGCTCTCAAAGAACCTAAAAACCCAGTTTAAGAGTTGCATATTTTTATTACACAACATACCTGTGTAAAAAATAAAATAATAAATTTTTTAAAAAGAGCTGTATATTTTTAAAAAATAGCAATATGGCCAGGCGCCATGGCTCATGCCTGTAATCCTAA:G	DEL	32	18	7	0.388888888888889			False	FALSE
chr12:49782016:C:C[chr16:20084901[	BND	33	3	3	1	6.1225	6.6464	False	FALSE
chr12:50171822:ACACTTTGGGAGGCTGAGCCAGGAGGATCCTTTGAGCCTAGGAGTTCAAGACTAGCCTGGGCAACATAGGAAGACTCCATCTCTACAAAAAAGAATACAGTGAGCCGTGACCGCACTACTGCATTCCAGCCTGGGTGATGAGTAAGACCCTGCTCAAAAAGTAATAATAATAATTTATATCCAGTCAGCTTTACAATTTATATTGTTGATTTAAGTCTATTTTTTCTTTCTTTCTTTTTTTTTTTTTTTTTACAGTAGAGACAGGGTCTCACCACGTTGCCCAGGCTGGTCTCAAACTCTTGGGCTCAAGGAGCCTCGGCCTCCCAAGGTGCTGGGATTACAGGTGTGGGCCACTGCATCCGGCCTGATTGGGTCTATTTTTAATAAAAACTAAAACAAGCTGGAACAACACTATCCGTGCTACATCACACACAGGTCAGGCATACTTTCATGAATTATTATACATCCATATGACTCACACAGCTCAACATACTCTTGCTCTAGGAGCAGCCGCTATCTGAAAATGAAGTGGTTGGGTGCGGTGGCTCACACCTGTAATCCCAG:A	DEL	40	36	2	0.0555555555555556			False	FALSE
chr12:54211601:T:T[chr6:41308082[	BND	30	3	3	1	6.6464	6.7601	False	FALSE
chr12:54269673:G:<DUP:TANDEM>	DUP	34		11				False	FALSE
chr12:72243515:G:[chr22:24926022[G	BND	33	3	3	1	7.0532	7.0943	False	FALSE
chr12:83547456:A:A]chr22:45599546]	BND	33	3	3	1	6.0495	7.0367	False	FALSE
chr12:84668276:A:[chr18:72536727[A	BND	53		18		6.0495	6.9895	False	FALSE
chr12:93276088:CGTCACCCAGGCTGGAGTGCAGTGTGCGATCTACAACCTCTGCCTCCTGGGTTCAAGCAATTCTCTCGCCTCAGCCTCCCACGTAGCTGGGATTACAGGCACCTGCCATCATGCCCGGCTAATTTTTGTATTTTTGTAGAGATGGGGTTTCACCATGTTGGCCAGGCTGGTCTCGAACTCCCGACCTCAGGTGATCCACCCACCTCAGCCTCCCAAAGGGCTGGGATTACAGGCATGAGCCACCACGCCAGGCCATAAACATTTTTTTAATTCATCCAAATATATGTTTAAATGATTAAGTTTCATTGTATGTAAAGTACACCTCAATAAGGTTAATATTTTTTAAAAATCAGTTTAGCTTAATTATTAAGAGCAAGTACATGGATTTTGGAAGTGTACAGATATGGCTTTGAATCCTAGCTTTACCATTAGTAATTGTGCACTCTAAGAAAGTCAGTTAGCCAATGTAAGCTTTAAGTCTTATCACTGGTAAAATGGGGAGGGAGGATGGCTGTTTTGAAGACCAAATTGCCTAGCTTAGCAGACTGCCAAATAAAAGGCAAGAGGGCTTTTCATTCAAATTTTATTCCTTGCCACAGTGGAAGTATTAGGTGAAAAATTAATGTTTCTTGAGTGTTTCCTTGTTTTCTTTTTCTTTTTCTTTTTTTTTTGAGACAGGGTCTTATTCT:C	DEL	33	9	12	1.33333333333333			False	FALSE
chr12:94429847:G:G]chr4:26204442]	BND	36	4	4	1	5.633	5.901	False	FALSE
chr12:94859364:T:[chr7:38994999[T	BND	33	3	3	1	5.5642	5.633	False	FALSE
chr12:95225951:A:]chr11:65575206]A	BND	33	3	3	1	5.5642	5.901	False	FALSE
chr12:101677564:G:]chr20:8064583]G	BND	34	3	3	1	6.6117	6.6117	False	FALSE
chr12:106029186:T:[chr3:60718674[T	BND	33	3	3	1	6.6387	6.9264	False	FALSE
chr12:115522911:A:<INV>	INV	33	3	4	1.33333333333333			False	FALSE
chr12:121759588:T:T[chr3:118555034[	BND	153	40	76	1.9	5.8162	6.2109	False	FALSE
chr12:122414514:G:[chr11:90832962[G	BND	34	3	4	1.33333333333333	5.8162	5.9869	False	FALSE
chr12:123384897:C:[chr17:69215696[C	BND	33	3	3	1	5.9869	6.2109	False	FALSE
chr13:22345981:TTGCAGTGAGCCGAGTAGCGCCACTGCACTCCAGCCTGGGCGACAGAGCGAGACTCTGTCTCAAAAACAAACAAACAAACAAAACCTCATATTAATAGCTTATGAAACTGTCTTTTGTCCAAAACCTTTTTTTTTTTTTTTTTTTTTTTGAGATAGAGTCTTGCTCTCTCGCCCAGGCTGGAG:T	DEL	31	6	0	0			False	FALSE
chr13:25686390:ATACACATGTATACATGCATATGTATATATTTATGTACACATGTATACATGCATATGTATATATTTATGTACACATGTATACATGCATGTGTATATATTTATGTACACATGTATACATGCATGTGTATATATTTATGTACACATGTATACATGCATGTGTATATATTTATGTACACATGTATACATGCATGTGTATATATTTATGTACACATGTATACATGCATGTGTATATATTTATGTACACATGTATACATGCATGTGTATATATTTATGTACACATGTATACATGCATATGTATATATTTATGTACACATGTATACATGCATATGTATATATTTATGTACACATGTATACATGCATATGTATATATTTATGTACACATGTATACATGCATATGTATATATTTATGTACACATGTATACATGCATATGTATATATTTATGTACACATGTATACATGCATATGTATATATTTATG:A	DEL	60	6	20	3.33333333333333			True	FALSE
chr13:27158014:G:G]chr5:101428794]	BND	34	3	3	1	6.9815	7.1145	False	FALSE
chr13:36739938:T:[chr3:11409672[T	BND	35	3	3	1	6.536	6.9815	False	FALSE
chr13:40175349:G:[chr2:15711388[G	BND	42		10		6.536	7.001	False	FALSE
chr13:50198817:A:A]chr5:107408126]	BND	50		14		5.3711	6.3529	False	FALSE
chr13:52452508:A:[chr20:26365557[A	BND	36	3	3	1	6.1715	6.2973	False	FALSE
chr13:53936847:A:]chr5:75169627]A	BND	34	3	3	1	5.6977	6.1715	False	FALSE
chr13:54435436:G:]chr11:45310539]G	BND	35	3	3	1	5.6977	6.2973	False	FALSE
chr14:2910291:T:<INV>	INV	59	46	5	0.108695652173913			False	FALSE
chr14:2910490:C:<DEL>	DEL	30	11	3	0.272727272727273			False	FALSE
chr14:4132502:G:G[chr22:9435079[	BND	80		3		2.9547	6.6989	False	FALSE
chr14:4133403:T:]chr22:9435817]TT	BND	80	141	9	0.0638297872340425	2.9547	6.6989	False	FALSE
chr14:5546693:G:<DUP:TANDEM>	DUP	52		22				False	FALSE
chr14:9132264:A:A[chr22:11933050[	BND	84	60	5	0.0833333333333333	6.6989	6.6989	True	FALSE
chr14:15402221:G:<DEL>	DEL	44	4	10	2.5			False	FALSE
chr14:27525867:T:T[chr17:72168001[	BND	33	3	3	1	7.2647	7.3691	False	FALSE
chr14:29267005:TTGCAGTGAGCCAAGATTGCACCACTGCACTCCAGCCTGGGCGACAGAGTGAGACTCTGTCTCAAAAAAAAAAAAAAAAAAGAAGTGAAGACCTAGATCTTTTTATAATCTTATAGTAACTCACTTCAATTTTACCTTAGATGTACCTTAAGGTACATGTTGGCCAGGATGATCTCGATCTCCTGACCTCGTGATCCACCCGCCTCAGCCTCCGAAAGTGCTGGGATTACAGGCATGAGCCACCGTGTCCGGCCTATAACAATATTTTTTTTTTCTTTGCGTCGGAGTCTCGCTCTGTCGTCCAGGCTGGAG:T	DEL	30	7	3	0.428571428571429			False	FALSE
chr14:32686414:C:<INV>	INV	32	2	10	5			False	FALSE
chr14:38795459:C:<DUP:TANDEM>	DUP	30	9	3	0.333333333333333			False	FALSE
chr14:49744133:CCACTGCACTCCAGCCTGGGCGACAGAGCAAGACTCTGTCTCAAAAAAAAAAAAAAAAAAAAAAAGAGAACTGTTCTTAAGGTGAATTTCATTCATTTATTTATTTATTTTTGAGATAGAGTCTTGCTCTGTCGCCAGGCTGGAGTGCAGTGGCGCAATCTTGGCT:C	DEL	36	24	0	0			False	FALSE
chr14:55478552:TCACGCCTGTAATCCCAGCACTTTGGGAGGCCGAGGCGGGCGGATCACGAGGTCAGGAGATCGAGACCATCCTGGTTAACACGGTGAAACCCCGTCTCTACTAAAAAAAATACAAAATATTAGCCGGGCGCGGTGGCGGGCGCCTGTAGTCCCAGCTACTCGGGAGGCTGAGGCAGGAGAATGGCGTGAACCCGGGGGGCGGAGCTTGCAGTGAGCTGAGATTGCGCCACTGCACTCTGGCCTGGGCAAAACAGCGAGACTCGGTCTCCAAAAAAAAAAGATGACATGAGAAAACCAAGGGAAATCACTTAGTGTGATGTCTGGTAAGTTGTATGTGCTCAACAGGATTTTAAGTAGATTTCTTTTTCTTTTCTTTTTTCTTTTTTTTTTTTTTTTTTTTTTTTTGAGACAGAGTCTTGGTTTGTTAACCAGGCTAGCATGCAGTGGCACGGTCTAGGCTCACTGCCATCTCCACCTCTCAGGTTCAAGCGATTCTCCTGCCTCAGCCTCCTGAGTAGCTGGGACTACAGGCACACGCCACCACGGCCGGCTAGGTTTTGTATTTTTAGTAGAGACGGGGTTTCACCATGTCGGCCAGGCTGGTCTCTATATCTCCTGACCTCAGGTGATCCACCTGCCTCGGCCTCCCAAAGTGCTGGGATTACAGGCGTGAGCCAC:T	DEL	36	15	4	0.266666666666667			False	FALSE
chr14:59388300:A:[chr18:11781440[A	BND	34	3	3	1	6.4537	7.3316	False	FALSE
chr14:62231052:A:A]chr3:38904582]	BND	33	4	4	1	6.4537	7.2699	False	FALSE
chr14:80846565:G:[chr3:87391313[G	BND	33	3	3	1	6.5491	6.7508	False	FALSE
chr14:84387189:C:C]chr4:10661379]	BND	34	3	3	1	6.3209	6.5491	False	FALSE
chr14:86480947:T:]chr20:33598703]T	BND	38		10		6.3209	6.7508	False	FALSE
chr14:97876077:TGGCCTCCCAAAGTGCTGGGATTACAGGCGTGAGCCACTGAGTCAGGCTGTGAATTCTTTCTTTTATTTTCTTTATTTTTGAGACAGAGTTTCGCTCTGTTGTGGAGTGCAGTGGCACGATCTTGGCTCACTGCAAACTCCACTTTCCAGGTTCATGCGATTCTACTGCCTCACCCTCCCGAGTAGCTGGGATTACAGGTGTGCACCACTATGCCTGGCTAATTTTGTATTTTTAATAGAGACAGGGTTTCACCATGTTGACCAGGCTGGTCTCGATCTCCTGACTTCAGGTGATCGACCCACCTTGGCCTCCCAAAATTCTGGGATTACAGGCATGAGCCACTGCCCCTGGCCTGTGAATTCTTTTTTTTTTGAGACGGAGTCTCGCGCTGTCGCCCAGGCTGGAGTGCAGTGGCGCGATCTCTGCTCACTGCAAGCGTCACCTCCCGGGTTCACGCCATTCTCCTGCCTCAGCCTCCTGAGTAGCTGGGACCACAGGCGCCCGCCACCACGCCTGGCTAATTTTTTGTATTTTTGGTAGAGATGGGGTTTCACCGTGTTAACCAGGATGGTCTCGATCTCCTGACCTTGTGATCTGCCCGCCTC:T	DEL	37	21	16	0.761904761904762			False	FALSE
chr14:98045881:CTGCAGTGAGCTATGATCAAACCACTGCACTCCAGCCTGGGTGACAAAGTGAAACTCTTGTCTCAAAATTATTATTATTATTATTATTTTTGAGACAGAGTCTCGCTCTGTCGCCCAGGCTGGAGTGCAGTGGCACGATCTCGGCTCACTGCAACCTCTGCCTCCCGGGTTCAAGTGATTCTCCTGCCTCAGCCTCCCTAGTAGCTGGGACTAGAGGCATGCGCCACCATGCCTGGCTAATTTTTGTATTTTTAGTAGAGACGGGGTTTCACCATGTTGGCCAGATGGTCTTGATCTCTTGACCTTGTGATCTGCCCGCCTTGGCCTCCCAAAGTGCTGGAATTACAAGTGTGAGCCACCGCGCCCAGCTGTCTCAAAATTTTAAAAAGGCCAGGCGTGGAGGCTCATGCCTTTAATCCCAGCACTTTCGGAGGCTGAGGCAGGTGGATCATGAGGTCTGAAGTTCGAAACCAGCCTGGCCAACATGGTGAAACCCCATCTCTACCAAAAATACAAAAATTAGCCCGACGTGGTGGCACATGCCTATAATCCCGGCTACTCAGGAGGCTGAGACAGGAGAATCGTTTGAACCCAGGAGGCAGAGGT:C	DEL	49	59	3	0.0508474576271186			False	FALSE
chr14:99295929:C:<INV>	INV	48		27				False	FALSE
chr14:99382657:G:<INS>	INS	111	126	0	0			False	FALSE
chr15:20619233:C:[chr19:59880407[C	BND	34	3	3	1	6.7775	7.0423	False	FALSE
chr15:20739269:GTTGGGCAAGGGGTTATGCGAGCATTCCCATGGCTGCTGTAGCTGGTGTTATGCTGGGTCACACCACAAGTTCACAGCCTCTGAAATGAGTGCAGCACATCTGCTTGGCCAAGGATGCAGTCACTGTGGGCTGGCAGTCACTCAAATTTACTCAGTACCCAGGCCATTTTAGCCAGGCTGTGGTGAAGCAAGCTGGGACTTGGGTTCCTCCTATTGGAGTGGAGGATTCCTCTCTGGCCTGGGGCTGGTTTAAGTGTTCCCTCTGTGGGCATCAGGGGTTTCTGTCCAGTGTTGTGCTCCATTGCGACAGAAAAGCACTGATTTCCAATGTGAAGTTCCATGCTCATTTCACTCTGTCTCCCACAAACACACAGATTGTTTCTCCATACTGT:G	DEL	35	10	16	1.6			False	FALSE
chr15:26610536:T:]chr5:7229066]T	BND	43		11		6.7018	6.7775	False	FALSE
chr15:31642902:T:[chr3:96669933[T	BND	32	3	3	1	6.7018	6.8178	False	FALSE
chr15:38217015:C:C[chr6:52159240[	BND	49		13		6.4524	6.7198	False	FALSE
chr15:43462570:T:]chr2:39917249]T	BND	34	3	3	1	6.3823	6.7198	False	FALSE
chr15:49839606:T:T]chr2:61470482]	BND	33	3	3	1	6.7242	6.8046	False	FALSE
chr15:55139253:G:G[chr10:7717869[	BND	33	3	3	1	6.3427	6.7242	False	FALSE
chr15:57340449:G:]chr16:79352909]G	BND	161	38	97	2.55263157894737	6.3427	6.7782	False	FALSE
chr15:63341291:T:[chr7:6443983[T	BND	33	3	3	1	6.7782	6.9139	False	FALSE
chr15:65970509:TTGCAGGGAGCCGAGATTGCGCCACTGCACTCCGGCCTGGGTGACAGAGCGAGACTCTGTCTCAAATTAAATAAATAAATAAACAAATAAAGCTTGTCAATGCTATATCAGATTAGTATGTTGTATGCTCTAAAATTTAGGAATTTTTTTTTTTTTTTTTTTTTTTTGTGGGGGGAGACAGAGTCTTGCTCTGTCACCCAGGCTGGAG:T	DEL	32	13	0	0			False	FALSE
chr15:72613017:CTGCAGTGAGCAGAGATTGTGCCACTGCACTCCAGCCTGGGTGACAGAGCGAGACTCCATCAGAAAGAAAGAGAGAGAGAGAGAGAGAAAGAAAGAAAGAAAGAAAGAAAGAAAGAAAGAAAGAAAGAAAGAAAGAAAGAAAGAAAGAAAGAAAGAAAGAAAGAAGGAAAGAAAGAAAGAAAGAGGGAGGGAGGGAGGAAGGGAGGGAAGGAGGGAAGGAAGGAAGGAAGGAAGGAAGGAAGGAAGGAAGGAAGGAAGGAAGAAAGAAAGAAAATATCCAGTGGTGGTGAGGATGAGAAGCAGCTGGAGCCTCATACACACCGGGTGGGGGTATAAACTGGTTCAACTGCTTAGGAAAGTTGGAGTTTTTGTTTGTTTGTTTGTTTGTTTGTTTGTTTGTGAGACAGGGTCTCACTCTGTCACCCAGGTTGGAG:C	DEL	31	12	3	0.25			False	FALSE
chr15:80697865:T:]chr5:79416689]T	BND	33	3	3	1	7.2083	7.2395	False	FALSE
chr15:96851436:G:[chr3:68074099[G	BND	34	3	3	1	7.2083	7.5252	False	FALSE
chr16:4454649:CGCGCGGAGACGGCATGAGTAAAACTCACGCAATTCGTCGTAAGTCTCAGGGTCAGCAGGAGGAAACCACGCACTACATGCTGGGAGCGGCGCGACGGAGGACCGCGTTGTATGCTGGGACTTGTAGTCTCGCCCTTAGCCAGACCCCTCGGACCACTTAAGTTCGGCTACATTCAACCACGTCCTTACACCGATAACGTACACCGATTGGTTGTCTAGCACAGAATAGCGAGGTTCTGCACGGCGAGTCTACCTAACAACACTCTTCAGAGCAAACCCCGTTTCGGCGATGGCTACCCGGAAGGCGCGTTGGCTGCGGCTACGCGTACGGTGCGCCTGCGCGT:C	DEL	33	26	39	1.5			False	FALSE
chr16:7071699:G:G]chr4:44886504]	BND	34	3	3	1	5.2271	6.1029	False	FALSE
chr16:7240377:T:[chr5:28999917[T	BND	33	3	3	1	5.2271	6.1572	False	FALSE
chr16:17920160:T:T[chr17:8013044[	BND	46		4		2.4265	6.3354	False	FALSE
chr16:17920427:G:]chr17:8013677]G	BND	46		9		2.4265	6.3354	False	FALSE
chr16:20084901:C:]chr12:49782016]C	BND	33	3	3	1	6.3354	6.3354	False	FALSE
chr16:23746571:CCAGGCGTGGGGGCTCACGCCTGTAATCCCAGCACTTTAGGAGGCCAAGGCGGGTGGATCACTTGAGGTTAAGAGTTCAAGACCAGCCTGGACAACATGGCAAAACCCCATCTCTACTAAAAATACAAAAATTAGCTGGGCATGGTGGTACACACCTGTAATCCCAGCCATTTGAGAGGCTGAGGCACGAAAATCACTTGAACTCGGGAGGCGGAGGTTGCAATGAACTGCACTCCAGCCTAAGTGACAGAGCGAGACTCTGTCTCAAACAAACAAACAAACAAACAAAAAACAAAAAGCCACACACACACAAAAACAGGATTATCATTAAAAAATGAAATAAATGCTTTTTTTTTTTTTTTTTTTTTGGACAGACTTTCGCTTTTGTTGCCCAGGCTGGAATGCAATGGCATGATCTTGGCTCACCGCAACCTCTGCCTCCCGGATTCAAACGATTCTCCCACCTCAGCCTCCCTAGTAGCTGGGATTACAGGCATGCACCACCACGCCTGGCTAATTTTTGTGTTTTTAGTAGAGATGGGATTTCTCCATGTTGGTCAGGCTGGGGGAGGTCAGGCCTCAAACTCCCGACCTCAGGTGATCCGCCCACCTTGACCTCCCAAAGTGCTGGGATTA:C	DEL	35	20	1	0.05			False	FALSE
chr16:28190058:ATCACTGCACTCCAGCCTGGGTGACAGAGCAAGAACCTGTCTAAAAAACAACAACAACAACAACAAAAATACAAAAAATTCCAGTTCCCTGCCCTGAGCCCCAGTCAAGGGCTGGGGACCTGGCACTCCCTGTAGTTCCTGCCCACTTCCTCCCTAGCAGCTGCCGGATCCTGCTGCCCCCACCCAGCCTGACTGGACTTCCTTGGAGTTTCTTGGCAGCCACAACCAAGCCCACTGTTTGTGTAGCCCAGTACAATCTGGCCTCCTTTCTTCTCTAGCCTCATCACCTCTCTCTCGCTCTCTCTCTCTCTCTCTCTCTCTCTCTCTCTCCTCTCTCTCTTTTGAGACAGGGTCTCACTCTGTCACCCAGGCTGGAGTGCAGTGGCACATTCTCCAT:A	DEL	35	18	8	0.444444444444444			False	FALSE
chr16:35677657:T:[chr12:31183295[T	BND	31	3	3	1	7.1929	7.2494	False	FALSE
chr16:63224679:GTTTTTGAGATGGAGTCTCCCTCTGTCACCCAGGCTGGAGTGCAGTGGCGCGATCTCAGCTCACTGCAAGCTTCGCCTCCTGGGTTCCCGCCATTCTCCTGCCTCAGCCTCCCAAGTAGCTGGGACTACAGGCGCCCGCCACCATGCCCGGCAAATTTTTTTGTATTTTTAGTAGAGACGGGGTTTCACCATGTTAGCCAGGATGGTCTCGATCTCCTGACCTCGTGATCCGCCCTCCTTGGCCTCCCAAAGTGCTGGGATTACAGGCGTGAGCCACCGCACCCGGCCTTTTTTTT:G	DEL	33	27	22	0.814814814814815			False	FALSE
chr16:71819991:A:[chr10:3934040[A	BND	39		13		6.877	7.0725	True	FALSE
chr16:74549345:CCAGGCGTGGTGGCTCACGCCTGTAATCCCAGCACTTCGGGAGGCCGAGGCACAAAAATCTCTTGAACCTGGGAGGTGGAGGTTGCAGTAAGCTGAGATCGCGCCACTGCACTCCAGCCTGGGCGACAAAGCGAGACTCAGTCTCAAAAAAAAAAAAAAAAAAAAAAGCAAGGCCTGCTTAATCAGATCTCGGCCAAGATAAAAATCTCATGGCTTCAAAATCCATCTGATCAATAAATATTCATGAGAGAGTACTGTAGGGCAACATCTTGTAAATCTTTTTTTTTTCTTATTTTCTTGAGAGGGAGTCTCCCTCTGTCACCCAGGCTGGAGGGCAGTGGTGCAATCTTGGCTCACTGCAACCTCTGCCTCCCAGGTTCAAGCGATTCTCCTGCCTCAGCCTCCTGAGTAGCTAATTTTTAGCCACCATGCCCGGCTAATTTTTGTATTTTTAATAGACACGGGGTTTCACCGTGTTACCCAGGATGGTCTCAATATCCTGACCTCGTGATCTGCCCTCCTCGGCCTCCCAAAGTGCTGGGATTA:C	DEL	37	19	1	0.0526315789473684			False	FALSE
chr16:79352909:A:A[chr15:57340449[	BND	161	38	97	2.55263157894737	6.6318	6.877	False	FALSE
chr16:84219165:A:<DEL>	DEL	30		9				False	FALSE
chr17:7372305:G:<DUP:TANDEM>	DUP	223	44	86	1.95454545454545			False	FALSE
chr17:8013044:A:]chr16:17920160]A	BND	46		4		2.8014	6.206	False	FALSE
chr17:8013677:A:A[chr16:17920427[	BND	46		9		2.8014	6.2058	False	FALSE
chr17:21868553:A:A[chr10:38640098[	BND	33	3	3	1	6.0905	7.0411	False	FALSE
chr17:23100154:G:G]chr8:38480340]	BND	195	67	112	1.67164179104478	6.0905	6.9895	False	FALSE
chr17:32860973:A:A]chr22:36911728]	BND	36	4	4	1	6.5211	6.8666	False	FALSE
chr17:33801292:A:<INV>	INV	81	25	15	0.6			False	FALSE
chr17:43458657:TTGCAGTGAGCCGAGATCGCGCCACTGCACTCCAGCCTGGGCAACAGACAGAGCGAGACTCTCTCAAAAAAAAAAAAAGAAAAGAAAAATAAACGAAAAATAAACTAAGAAGGTTCCAACTTTTTTTTTTTTTTTTTTTTTGAGACGGAGTCTTGCTCTTGTTGCCCAGGCTGGAG:T	DEL	36	14	0	0			False	FALSE
chr17:52054717:C:[chr7:82199954[C	BND	34	3	3	1	7.0219	7.0733	False	FALSE
chr17:52061181:GTGCTGGGATTATTGGCGTGAGCCACTGCACCTGGCCTATATGATTTATACTGCTGAGTGCAATAATTCCTCCATGTTACACAGATTTCCCTCCCCTTTCTAGAAACACTGGTGTGCCTACTTAGTCTAACGCAAAAGTGGCTCTCTTTTTCTGTTTACTACAATGGTACATTTTTGCTCTTTCAATCCTAGGCTTTAGAAGAGTCTAGCACCTAATACTATGGACTGATATTTTTCTTTCTTGCAAGGAAAGAAAACTGGCTGAGCAAATACTATTTTTTATAGACCTCTGTTATAGCTTTCCTCCTTTCTTAGAGGAACAACTTAATGCTCAAGTATTAAAATTGGAAAAATCACTGGTTAAACCACGAGTAAAACAGCCATCCTTTTAAAAGTCCACATAGGGCTGGGTGCAGTGGCTCACGCCTATAATCCCAGCA:G	DEL	32	10	6	0.6			False	FALSE
chr17:62571065:G:G]chr7:56648534]	BND	33	3	3	1	6.2923	6.8225	False	FALSE
chr17:72168001:T:]chr14:27525867]T	BND	33	3	3	1	6.4702	6.8238	False	FALSE
chr17:77024073:TCATGCCTGTAATCCCAGCACTTTGGGAGGCCGAGGCGGGTGGATCACAAGGTCAGGAGATCGAGACCATCCTGGCTAACACGGTGAAACCCCATCTCTACTAAAAATACAAAAAATTAGCTGGGAGTGGTGGTGGGCGCCTGTAGTCGCAGCTACTCGGGATGCTGAGGCAGGAGAATCGCTTGAACCCAGGAGGCAGAGATTGCAGTAAGCCAAGATCACGCCATTGCACTCCAGCCTGGGTGACAGAGCGAGACTCCATCTCGAAAAAAAAAAAAAAAAAAGAGGAAGGAAGGAAGGAAGGAAGGAAGGAATCCTGACCTCAAGTGATCTACCCACCTTGGCCTCCCAAAGTGCTTGGATTACAGGCATAAGCCACCATGCCCAGCCTTTTTATTTTTCTTTTGAGACGGAGTCTTGCGCCTCTTGCCCAGGCTGGAGTACAGTGGCACAATCTCGGCTCACTGCAACCTCCGCCTCCTGGGTTCAAGCGATTCTCCTGTCTCAGCCTCCTGAGTAGCTGGGATTACAGGTGCGTGCCACCATGCCTGGCTAATTTTTGCATTTTTTAGTAGAGACGGGGTTTCGCCATGTTGGCCAGGCTGGTCTCGAACTCCTGACCTCAGGTGATCCACCTGCCTCTGCCTCCCAAAGTGCTGAGATTACAGGCATGAGCCAC:T	DEL	30	10	0	0			False	FALSE
chr17:78832818:G:]chr1:27304754]G	BND	34	3	3	1	5.3705	6.8238	False	FALSE
chr18:11781422:G:[chr14:59388318[G	BND	34	3	3	1	7.3491	7.4149	False	FALSE
chr18:39452160:A:A[chr5:1630666[	BND	38		15		6.2246	6.5418	False	FALSE
chr18:54308659:A:A]chr19:32402186]	BND	32	3	3	1	7.0559	7.1719	False	FALSE
chr20:3790913:G:G[chr3:59478191[	BND	34	3	3	1	5.5584	6.6308	False	FALSE
chr20:4135978:CGTCCGGGAGGGAGGTGGGGGGGTCAGCCCCCCGCCCGGCCAGCCGCCCCGTCCGGGAGGGAGGTGGGGGGTCAGCCCCCCGCCCGGCCAGCAGCCCCGTCTGGGAGGTGAGGGGTGCCTCTGCCCGGCCACCCCTACTGGGAAGTGAGGAGCCCCTCTGCCCGGACAGCCGCCCT:C	DEL	40	46	0	0			True	FALSE
chr20:14797016:G:<INV>	INV	53		14				False	FALSE
chr20:14798458:AAATTAAAAATGCAACCATTTCTGCAGCTCGTACATCATATGCTATGTAATGAAAACGTGCCTAGCCTCCTACTCCCTTGTATTTGCCAACAGAACTTAAGCAAGTTCTGTCTGGGCTGCACTCACACTTTCTTAGTGCCAGGGAGATGATTGGATATAAATTACATAGCTTATATTTCCTAATATACTAAAAAGAAAGGGAAAAACAGAAAAGGAAGGAAGTAAAGGAAGGAAAAAAAGAAAAGGAAGGAAGGAAGGAAGGATCTCTAAGTGTGTATCACCAGAAGCTTAGAGAGATGATATTTTAACTGTAGAAAATTCTCGAAGATTAATCTACTATATCATGATTCTTTGAACTTCAAAGTATACCCCCAAAATATAATATGTGAACAGTTGAGTACTATTGCATATTTCAGTCAAAACTAAAAAC:ATAAT	DEL	41	9	7	0.777777777777778			False	FALSE
chr20:14798895:T:<DEL>	DEL	41	7	7	1			False	FALSE
chr20:26365550:T:[chr13:52452515[T	BND	36	3	3	1	6.6602	6.8593	False	FALSE
chr20:31375143:T:<DEL>	DEL	40	8	12	1.5			False	FALSE
chr20:58487534:A:[chr12:33464147[A	BND	34	3	3	1	6.9369	6.9369	False	FALSE
chrY:542551:TCGTGAGCTTAGTAGGGGCTCACGTGCTTAGTAGGTTTTAATGTGCTTACTAGGAGCTCACGTGCTTAGTAGGTGCTCATA:TTATG	DEL	45	33	0	0			False	FALSE
chr19:11415890:CCACTGCACTCCAGCCTTGGCAACAGAGCAAGACTCTGTCTCAAAAAAAAAAGAAAAGTACAGTTCAGCAGCATTAAGCACATTCACATCGCTGTGCAGCCATCACCACCATCCGTCTCCAGAACTTTCTCATCTTTCCAAACTGAAACTCTATCCCCATGAAACACTCACTCCCCACGCTCCTCTCCATTCCCTGGTACCCACCATTCTGTTTTCTGTCTTTATGAATCTGATGACTCTAGGGACCTCAAATGAGTGGAATCATGCAATATTTGTCTTTTTTTTTTTTTTTGAGACAGAGTTCGCTCTGTCGCCCAGGCTGGAGTGCAGTGGCGTGATCTCGGCT:C	DEL	34	12	3	0.25			False	FALSE
chr19:18190065:CCACTGCACTCCAGCCTGGGCGACAGAACGAGACCCCATCTCAAAAGAAAAAAACCAGCTCTGGTCCACATGCCCCCAGCCTCACGTGGGCTACAACCTCTTCCCCCATCCCCCGTCCATTCTCCACCAGCAACCTCAGGGCCTTTGCACTCCCTCTTCTGGCCCCTCTTTACCACCTTGGTCCTAGCATTGCCCCCTCCAGGAAGCCCTCTCTCACTGGCTACTCCTCATATCCCCACTCATCACTCTTACGGTTTCTCATAACTCTCTGAGTGATAATTAGATTAGTGTCTGCCTTCCCCACCCAGCTAAGAGCCCCTTATGACCAGGAAGATCCTGACTTGTGCAAGATGGGGCCTGGTATACAGTAGGCACTCAATGCTGGCTTTTTTTTTTTTTTTTTGAGACAGGGTCTCACCTTGTCACCCAGGCTGGAGTGCAGTGGCGCGATCTCAGCT:C	DEL	31	11	3	0.272727272727273			False	FALSE
chr19:22451074:T:T[chr6:28221657[	BND	33	3	3	1	6.6994	6.7766	False	FALSE
chr19:32402182:G:G]chr18:54308663]	BND	32	3	3	1	6.9979	7.1748	False	FALSE
chr19:57583826:CTTTCTCTCTCTCTCCCTCCCTTCCTTTCCTTCTTTCTCTCTTTCTCTTTCTTCCTTCCTTCCTTTCTTTCTCTCTCTCTCCCTCCCTTCCTTTCCTTCTTTCTCTCTTTCTCTTTCTTCCTTCCTTCCTTTCTTTCTCTCTCTCTCCCTCCCTTCCTTTCCTTCTTTCTCTCTTTCTCTTTCTTCCTTCCTTCCTTTCTTTCTCTCTCTCTCCCTCCCTTCCTTTCCTTCTTTCTCTCTTTCTCTTTCTTCCTTCCTTCCTTGCTTCCTTCCTTCCTTTCTCCCTCCCTTCCTTCCTTTCTTTCCTTTCTTT:C	DEL	80	88	75	0.852272727272727			True	FALSE
chr19:59880403:A:[chr15:20619237[A	BND	34	3	3	1	7.439	7.5732	False	FALSE
chr19:61306711:C:<DUP:TANDEM>	DUP	46	9	9	1			False	FALSE
chr22:9435079:C:]chr14:4132502]C	BND	80		3		2.8681	6.061	False	FALSE
chr22:9435817:T:TT[chr14:4133403[	BND	80	141	9	0.0638297872340425	2.8681	6.0613	False	FALSE
chr22:10797828:TTTAATAGAATGGAATGGAATGGAATGGAATGGAATGGAATGGAATGGAATGGAATGC:TGG	DEL	37	14	0	0			False	FALSE
chr22:11933049:G:<DUP:TANDEM>	DUP	69	69	7	0.101449275362319			True	FALSE
chr22:11933050:A:]chr14:9132264]A	BND	84	60	5	0.0833333333333333	6.3975	6.3976	True	FALSE
chr22:12463813:T:<DUP:TANDEM>	DUP	41	30	2	0.0666666666666667			True	FALSE
chr22:23008657:C:C]chrX:13256960]	BND	77	38	11	0.289473684210526	2.2122	6.2827	True	FALSE
chr22:23008820:C:[chrX:13256588[C	BND	77		13		2.2122	6.2827	False	FALSE
chr22:24394855:A:<INV>	INV	41		19				False	FALSE
chr22:25679871:A:A]chrX:33517528]	BND	30		4		2.2355	5.8773	True	FALSE
chr22:25680043:A:[chrX:33516912[A	BND	30		4		2.2355	5.8774	True	FALSE
chr22:36911721:C:C]chr17:32860980]	BND	36	4	4	1	6.891	6.8982	False	FALSE
chr21:27421764:TCCCAGCTACTCGGGAGGCTGATGCAGCAGAATTGCTTGAACCTGGGAGGTGGCGGTTGCAGTAAGCTGAGATCACACCACTGCACTCCAGCCTGGTGACAGAGCAAGACTCCATCTCAAAGAAAAAAAAGAAACAAACACTAAAACAAGTAGTTCCCAAACTTTAGTGGGCACCATAATCAAAAGTGCTCATTAAAACAGACTGCTAGGCCTCTTCCAGCATTTCTGATATTGGTGGGTCTGGAGTGACATCTGAGAATCTGTATTTCTTCTTTTTTTTTTTTTTTGAGATGGAGTCTTGCTCTGTCGCCCAGGCTGGAGTACAGTGGTGCCATCTCTACTCACTGCAGGCTCCACCTCCCAGGTTCATGCCATGCTCCTGCCTCAGCCTCCCGAGTAGCTGGGACTACAGGCATCTGCCACCACG:T	DEL	38	16	2	0.125			False	FALSE
chr21:38429720:C:<DEL>	DEL	40	3	6	2			False	FALSE
chr1:47204476:TCTCAGCTACTTAGGAAGCTGAGGCAGGAGAATTGCTTGAACCCAGGGGGCGGAGGTTGCAGTGAGCCGAGATCGTGCCACTATACTCCAGTCTGGGCGACAGAGCCAGATTCTGTCTCAATCAATCAATTTTTCAAAAGAGATGGGGTCTCACCATCTTGCCCAGGCTTGTCTTGAACACCTGAGCTCAAGTGATCCTCCTGCCTTGGCCTCCTAAAGTACTGGGATTACAGACATGAGCCACCATGCCCAACTTTTTTTCTTTTCTTTTTTTTTTTGAGACAAGGTCTCACTCTGTCATCCACGCTGGAGTGGCATGATCACTGCTCACTGCAGCCTCAACCTCCCGGGCTCAAGCAATCCTCCTGC:T	DEL	32	13	3	0.230769230769231			False	FALSE
chr1:126758203:GTTCAACTCTGTGAGTTGAATGCATACATCACAAAGAAGTTTCTGAGAATGCTTCTGCCTAGTTTTTATGTGAAAATGTTTCCAAAGTGGCCATTCAACCCACGGGGTTGAACTTTTCTTTTGATAGAGCAGTTTTGAAACACTCCTTTTGTAGAACCTGCTTGTTGATATTTGGAGCTCTTTGAGGAGTTCATTGGAATCGGCATATCTTCACAGAAAAACTTGACAGAAGCATTCTCAGAAACTTTTTGTGATGTGTGCA:G	DEL	31	13	0	0			False	FALSE
chr1:150229254:CTGTCACCCAGGCTGGAGTGCAGTGGCACAATCAGAGCTCACTGCAGCTTCAACTTCTGGGCTCAAGTGATCCTCCCACATCAGCCTCCTGAGTAGCTAGGACTAAAGGTGCATGCCACCACGCTCAATTAATTTTTCAAATTTGGGGGGATGGTCTCACTGCTCAGTCTGGTCTTCAACTCCCAGCCTCAAGCAGTCCTCCTGCCGTGGCCTCCCAAAGTGCTGGGATTATGGGCGTGAGCCACCATACCCAGCCAGCTATTATTCTTGATTTATCAGAGGAAAAAAGCCATCTAACATTTTTGTCTATCAAACTTCAATATTTTGACTACTTCACATATTATTCTGTGAATTCACTATTAAATATCCCTGTTTTCTTATAGAAATGATCTACTGTAATTTATGGTTATTTTAGATTTTTTTTTTTTTTGAGATGGAATCTCGCTCT:C	DEL	33	30	12	0.4			False	FALSE
chr1:150716808:ACTCAGGAGATCCTGAGAACATGTGCCCAAGGTGGTCAGGCCACAACTTGGTTTTACACATTTTAGGGAGACATAAGGCATCAATCAGTACATGTAAGGATGTACATCGGTTTAGTAAAGAAAGGTGGGACAACTGGAAGGGGGTTGGGGGAGCTTCCAGGTCATAGGTAGATTCAAAGCTTTTCTGACTGGCAATTGGTTGAAAGAGTTAAGTTACTGTCTAAAGACTTGGAATCAGCTGGGTGCTTACATGTACTGATTGATGCCTTATGTCTCCCTAAAATGTGTAAAACCAAGTTGTGGCCTGACCACTTTGGGCACATGTT:A	DEL	32	24	2	0.0833333333333333			False	FALSE
chr1:152528444:AT:AAGGAAGTGGCATGCATCCAGAGTTCCCAAAGTGGCGATTCCATTTACCTTGCTCAGTATTTGTGCA	INS	31	34	0	0			False	FALSE
chr1:181198108:GATGAA:GTGTAGTATCCCATGATATATATGTACCACATTGTATCCAATCTACCATTGGTGGGCATTTAGGTTGATTCCATGTCTTTGCTATTGTGAATAGTGCTGTAATGAATACAC	INS	36	13	0	0			False	FALSE
chr2:33993311:AGTCAGGATGGACTCGATCTCCTGACCTCGTGATCTGCCCACCTCGGCCTCCCAAAGTGCTGCAATTACAGGCGTGAGCCACCACGCCTAGCTTATAATTTTCTTTAGAAAGTTGCATAAAACAAGTTCTGGACACAGTGCATTGAATCTCTAGGATTCCTGGGGTAAACATGCATTTCCTGATTAGACCCTGCTTTTCAACACAAGAATTCCCTGGTGAGCTATGAAGCTTTAGAAATCTTATTTTACAGCTGGGTGCGGTGGCTCATGCCTGTAATCCCAGCACTTTGGGAGTCCAAGGTGGGCAGATCACGAG:A	DEL	31	10	2	0.2			False	FALSE
chr2:131103204:TAGCTGGGCCTATGCATGCCAGGCAAGGCCAAGCTGGCTCAAAGAGCAACCAGCCACCTCTGCAAGGGTGTGCCAGGAGCAGGTGGACCAGCCAGCAACCTCAGCTACTCAAGGAAGCTGGGATGGCCAGGTTCCAACAGCCTGAGTGGCTGCCTCCTGATGGCTGATGGAGCAGAGGCCTTAGGAAAAGCAGATGGCCCTGTGGCCCTACCTTTAGGGTAGAAGTACTGATGTGCCATGTCCGGTAGCAAGTGAGGTTGGTGGCTGGTGCACCGGCTCCTGGCGCACCCTTGCAGAAGTGACTGGTTGCTCTTTGAGTC:T	DEL	33	12	11	0.916666666666667			True	FALSE
chr2:208102552:TTGCAGTGAGCTGAGATTGCACCACTGCACTCCAGCCTGGGTGACAGAGCGAGACTCTGTCTCAAAAAAAAAAAAATTTAAAAAAAAAAATAGCCGAGCATGGTGGTGCACACCTATAGTCCCAGCTACGTGGGAGGTTGAGGTGGGAGGATCATGTGAGCCCAGAGGTGGAGGCTTCAGTGAGTCCTGAAGTCACACCACTGCACTGTATCCTGGGTGACACAGCAAGACCCTGTCTCAAAAAAAAAAAAAAAGAAATTCTGACAGTCTTTTTTTTTTTTTTTTTTTTTGACACAGAGTCTTCTCACTCTGTCACCCAGGCTGGAG:T	DEL	57	32	6	0.1875			False	FALSE
chr3:48894188:TCCTGGGTTCAAGTGATTCTCCTGCCTCAGCCTCCCAAGTAGCTGGGACTACAGGCACGTGCCACCACACCTAGCTAATTTTTGTATTTTTAGTAGAGATGGGGTTTCACCATGTTGGCCAGGATGGTCTCGATCTCTTGACCTCGTGATCCATCCGCCTCGGCCACCCAAAGTGCTGGGATTACAGGCGTGAGCCACAGCGCCCACAGAGATATAAATTTGAGTCATCAGCATAAAAATGGTGTCTAAAAGTCATGAGACAAGGCTGGGTGCGGTGACTTACTCCTGTAATCTCAGCACTCTGGGAGGCTGAAGTGGCCAGATCACTTGAGGCCAGAGTTCCAGACCAGCCTGGTCAACATGGTGAAACCCTGTTTCTAAAAAAAAAAAAAAAAAAAAAGTCCCCCAAAATTAGCTGGGTGTGTGCCTGTAGTCCCAGCTACTTGGGAGGCTGAGGCACAAGAATCACTTGAACCCAGGAGG:T	DEL	34	14	0	0			False	FALSE
chr3:52722744:TCCCAGCTACTCGGAAGGCTGAGGCAGGAGAATTGCTTGAACCCGGGAGGCGGAGGTTGCAGTGAGCCGATACTGTGCCACTGCACTCCAGCCTGGGCAACAACACTTCGTCTCAAAAATGAAGAAACAATTGGCTGCTAGCTAAAGGTAAATTCTGGAAACATAGCTCTAGGGTTAGTAGGGTTGTAATCCAGACGTTGAGTCTGTCCTGAAGTTTTCAAGTGAGCAATACAAGGGGAATTGAAATAGAGAAGTGCAGATGCTGAGCTCTGTTAAGATACGGGCAGTATGGTAGGGGAGCTTACCCTGCCCTGATTTTCTAGTTAAATCCTTTTGAAAGGACTGGGAAAATGTAAACCAGAGTAAAATCTATAGTTGCCAGATTTTGCAAATGCATCTCAACAAAATAGCCACATTGGAGCAAATGTCTTTTTCTTTTTTTCTTTTTGAGATGGAGGCTTGCTGTGTCACCCAGGCTGGAGTGCAGTGGCGCCATCTCAGCTCACTGCAAGCTCCACCTCCCGGGTTCACGCCGTTCTCCTGCCTCAGCCTCCCGAGTAGCTGGGACTACAGGTGCCCACCACCACG:T	DEL	30	7	2	0.285714285714286			False	FALSE
chr3:117871360:GACATATATATGTGTGTGTGTGTGTGTATATATATATATACATATACACACTACATATGTATACATGTATACATATGTAGTGTGTGTATATGTATATATATATATACACACACACAC:G	DEL	30	11	0	0			True	FALSE
chr3:175529882:CCACTGCACTCCAGCCTGGATGACAGAGTGAGACTCCATCTTAAAAAAAAAAATTGTTTTAGAGTGGGATCTCACTCTGTCACCTAGGCTGGAGTGCAGTGGTGCAATCATGGCT:C	DEL	33	11	0	0			False	FALSE
chr4:74208080:GTGCAGTGGCGCAATCTCGGCTCACTGCAACCTCCAACTCCCAGGTTCCAGCAATTCTCCCTGCCTCAGCCTCCCGAGTAGCTGGTATTACAGGCACACACCACCATGCCTGGCTAATTTTTCTATTTTTAGTAGAGACGGGGTTTCACCATGTTGGCCAGGCTGGTCTCGAACTCCTGACCTCAGGTGATCCGCCCACCTCAGCCTCCCAAAGTGCTGGGATTACAGGTGTGAGCCACCACGCCCAGCCTCTGAGACTCTTAAGTGAGGTGCTTAATGCTTAATAATAAGTTGCAAGGCCGAGGCGGTCAGATCACCTATGGTCAGGAGTTCAAGACCAGCTATTTTGGGAGGCTGAGGCAAGAGGATTGCTTGAACTTGGGAGGTGGAGGT:G	DEL	30	11	0	0			False	FALSE
chr5:2076897:CCACCCACCCACCCATCCACCCTCCAATCCATCTATCCATTCATCCATCCACCCACCCATCCATCCACCCACCCACCCATCCACTCATCCACCCATCCACTCATCCACCCATCCATCCACCTATTTTTCCACCCACCCACCCACCCGCCTGTCCATCCATTCAGCCATCCACCCTCCAATCCATCATATACCTGCCCATCCATGTATCTATCCACCATCCAATCCATCTATCCACCTGTCCAACCACCTGTCCATTCACCTGTCCATCCACCCACTCATCCATCCATG:C	DEL	34	49	31	0.63265306122449			True	FALSE
chr5:80110819:CTTGGCCTCCCAAAGTGCTGGAATTACAGGCGTGAACCCCCGCACCCGGCCACCTGGCTAATGTTTTTAATTTTTTTTTTTTTTTTGGTAGAGCCAGGGTCTTGCTATGTTACCCAGGCTGGTCTTGAACTCCTGGCCTCAAGTGATACTCCCTCA:C	DEL	32	15	0	0			False	FALSE
chr5:92573942:G:]chr10:6290145]G	BND	44		14		6.4622	6.9279	False	FALSE
chr5:113416000:GAGGCGGGGGTTGCAGTGAGCCGAGATTCCACCACTGCACTCCAGCCTGGGTGACAGAGCAAGACTCGGTCTCAAAAAAAAAACAAAACAAAAAAAAAACAAACTTGAGGTTTTCTGAATGCTATTTACTTATATATCTTCTTTTTAAAAAGATTGATTGATTGATTGATTGAGACAGGGTCTTGCTCTGTCACCC:G	DEL	37	13	0	0			False	FALSE
chr6:14223776:GGAGAAAATCCTTCCTTGCCTCTCCCAGTGTCTGATGGCTCCAAGGTTGCCTTGACTTGTAGATACGTCACTCCAATCTTTGCCTCCATCTTCACATCACATTATGCGTGTGTTTTTGCCTCTTCTGTGGGTCTCACAACACTCTCTGCCTTCCTCTTATAAGGACACTTAAGGGCAAAGATTGGAGTGATGAAGCCACTAGTCAAGGCGAGTCTGGAGCCACCAGACACTAGAAGAGGCAAGGAAGGATTTTCTA:G	DEL	33	9	0	0			False	FALSE
chr7:39951519:AGCCTCTGCAGGCCCAAATCGTCCTGAAGTCGGCCTCTCCAGGCCCAGCTCCAGCCTCCCGGCG:A	DEL	38	14	0	0			True	FALSE
chrX:45977352:GCTGGAGTGCAGTGGCACGATCTTGGCTCACTGCAACCTCTGCCTCCCGGGTTCAAGTGATTCTTCTGCCTCAGCCTCCCGAGTAGCTGGGACTACAGGCATGTGCCACCACACCTGGCTAATTTTTGTATTTTTAGTATAGATGGGGTTTCACCATATTGGCCAGGCTGGTCTCCAACTCCTGACCTCGTGATCCGCCTGCCTTGGCCTCCCAAAGTGCTGGGATTACAGGCGTGAGCCACCGCGCCCAGCCTAAAAAAAAATTTTTTTTAATTAGCCAGGCATGAGAAGGATTGCTTGAACCCAGGAAGTTGAAGCTGCAGTGAGCTATGATCACGCCACTGCACTCCAGCCTTCCACCAGC:G	DEL	30	15	5	0.333333333333333			False	FALSE
chr9:78817956:GTGTTTTTTTGTTTTTTGTTTTTTCTTTGGTGGAGTTTTGCTCTGTTGCACAAGCTGGAGTACAATGACATGATCTTGCCTCACTGCAATC:G	DEL	81	48	0	0			False	FALSE
chr9:116490953:GGGAGGTGAGGAGCGCCTCTGCCCAGCCACCCCGTCTGGGAGGTGGGACCGCCTCTGCCCGGCCGCCCCGTCTGG:GA	DEL	63	45	0	0			True	FALSE
chr9:117891301:AATTTGAACTGTGTGAATCCACTTATGTGCAGATTTTCTTC:ACAGAGCTACCCTGTCTGCTGAGAGCTGAGCACGGAGGAGTTACCCTCTCTGCAGG	INS	69	54	0	0			False	FALSE
chr9:145763006:TCACAGTTTCCTTCTTTTTTTTTTTTTTTTTTTTTTTTTTTGAGACGGAGTCTCGCTCTGTCGCCCAGGCTGGAGTGCAGTGGCGGGATCTCGGCTCACTGCAAGCTCCGCCTCCCGGGTTCACGCCATTCTCCTGCCTCAGCCTCCCAAGTAGCTGGGACTACAGGCGTCCGCCACTACGCCCGGCTAATTTTTTTTTGTATTTTTAGTAGAGACAGGGTTTCACCGTTTTAGCCGGGATGGTCTCGATCTCCTGACCTCGTGATCCGCCCGCCTCGGCCTCCCAAAGTGCTGGGATTACAGGCGTGAGCCACCGCGCCCGGCC:T	DEL	93	64	57	0.890625			False	FALSE
chr8:35126498:CCATTGCCTCAAAGTGGCCTAGACTGGTGCATGCCCCATCTGCATTAGAGGCAATGAGACAACAAATTTATTAGGACAAAATGAAAGGGTGATGAGAATTTAGGGTACTTTTAAAAGACTTGTTGAATTAGTTGACTCAAAATTGAATAAGGAAAGGAGAAATACAGGAGGAGTCTGAGAGACAAGGGGTAGAAGCATTTAGTGAGTTTAAAATCCTGCTATGACTAATGAACAGGTAGACTGACAGCAGTAACTAAGCAAGACAGAAAATGGCTAACTCCATAAGTTCAAAGACAGCTCTTCATAAGAAGACATGAAGAGCAACATTCAATTTTGAGTCAACTAATTCAACAAGTCTTTTAAAAGTACCCTAAATTCTCACGACCCTTTCATTTTGTCCTAATAAATTTGTTGTCT:C	DEL	38	16	2	0.125			False	FALSE
chr8:126527705:TCACTGCAACCTCCGCCTCGTGGGTTCAAGCGATTCTCCTGCCTCGGCCTCCCATGTACCTGGATTACAGGCACCCGTCATCATGCCTGGCTACTTTTTAAAATATTTTTAGTAGACATGGGGTTTTTGCCATGTTGGCCAGACTGGTTTCAAACTCCTGATCTCAAGTGGTCCGCCCGCCTCAGCCTCCCAAAATGCTGGGATTACATGCGTGAGCCACTGTGCCCGGCCAGAAATAACTCTTAAAATTCAATAATAAGAAAACAAACAACCTCATTACTTCTTTAAAATGGGCAAGATAGGCCAGGCAGTGGCTCACGCCTGTAATCCCAGCACCTTGGGAAGCCAAAATGGGCGGGTCACTTGAGGTTAGGAGTTTGAGACCAGCCTGGTCAACATGGTGAAACACCATCTCTACTAAAAATACAAAACTTAGCTGGGACTGGTGGCGCACCCCTGTAGTCCCAGCTACTCAGGAGGCTAAGGCAGGAGAATCGCTTGAACCCAGGAGGCGGAGGTTGCAGTGAGCTGAGATCGCAC:T	DEL	38	34	2	0.0588235294117647			False	FALSE
chr11:117774832:CCACTGCACTCCAGCCTGGGCGACAGAGTGAGACTCCATCTCAAAAAAAAAAAAAATTCTACCGTAAGTTATTTAATCATTCCTCTGTTTATTTGAATTTTCAGGGTTGTAAATAACATTGCAGTTGGCAGAACTGTTTTGTTTTGTTTTGTTTTGTTTTTTGAGACGGAGTCTCGCTCTGTTGCCCAGGCTGGAGTGCAGTGGCGCGATCTCGGCT:C	DEL	34	17	0	0			False	FALSE
chr10:103642647:AGCCCAGGAGTTCGAGACCAGCCTGGGCAACAGAGCGAGTCTCTGTATCTTTGAGACAGAGTCTCGATCTGTT:A	DEL	30	9	0	0			False	FALSE
chr12:73708336:TGGCCAGGCGTGGGGAGGCTGAGGCGGGCGGATCACGAGGTCAGGAGATCAAGGCCATCCTGGCTAACACAGTGAAACCCCGTCTCTACTAAAAATACAAAAAATTAGCCCAGCATGGTGGCAGGCACCTGTAGTCCCAGCTACTCGGGAGGCTGAG:T	DEL	46	48	0	0			False	FALSE
chr13:93914896:CCGGCGGCGGCGGCCGCCGCTGCAGCCGCCGCCGCCGCGCCGTGGAAGGCGCCCGCGCCCGCGGTCGGGTAGCCCAGCGACGACGCGTACGGGAGGCCGGACGAGGACGACGAGATCTCTGCCATTTTGGAGCCCAGGTCGAGCAGCGAGTAGGGGCTGCCCGCGGCGGCGGCGGCGGCGGCAG:C	DEL	32	22	0	0			False	FALSE
chr15:95928048:CAGGAGACCTGGAGTGGGTAGCTCCTTTCTGCAGGCAGGTTGTCCGAATGAGTGG:C	DEL	48	24	0	0			False	FALSE
chr16:30164746:TAGCTGGGATTACAGGCACGTACTACCACACCTGGCTAATTTCTGTGTTTTTAGTAGAAATGGGGCTTTGCCATGTTGCCTAGGCTGGTTTCAAACTCCTGGGCTCAAGTGATCCACCTGCCTCAGCCTCCCAAAATGCGGAGATTACAGGCATGAGCCACTGTGCCCGGGTTATTTTATTTATTTTTAAAAATGAGGCCAGATGCAGTGGCTCACACCTGTAATCCCCCCACTTTGGGAGGCTGAGGCAGGTGAATCACCTGAGGTCAGGAGTTTGAGACCAGCCTGACCACCATGGTGAAACTCCGTCTCTACTAAAAACACAAAAATTAGCTGGGCGTGGTGGTACATGCCTGTAATCCCAGCTACTCAGAAGGCTGAGGCAGGAGAACCACTTGAACCCGGAAGGCGGAGGTTGCAGTGAGCCGAGATTGCGCCATTGCACTCCAGCCTGGGTGACAAGAGCGAAACTCCATCTCAAAAAAAAAAAAAAAAGGAAAAAAATGAGACAGGGCCTTGCTCTGTCACCTAGGCTGGAGCGTGCAATGGTGGGATCACAACTCACAGCAGCCTTGACCTCCTGAGCTCAAGCGATCCTCCTGCCTCAGCCTCCCAAGC:T	DEL	31	13	2	0.153846153846154			False	FALSE
chr17:8123727:TCACTGCAAGCTCCGCCTCCCGGGTTCACGCCATTCTTCTGCCTCAGCCTCCCTAGTAGCTGGGACTACAGGCACCCGCCACCACGCCTGGCTATTTTTTTTTTTTTTTTTTGTATTTTTAGTAGAGACGAGGTTTCACCGTGTTAGCCAGAATGGTCTCGATCTCCTGACCTCGTGATCCACCCGTCTCGGCCTCCCAAAGTGCTAGGATTACAGGCATGAGCCACCAGGCCCGGTCAGTAAAATTTCAAGAAGTAGGCCGGGCGCTGTGGCTCATGCCTGAAATCCCAGCACTTTGGGAGGCCGAGGTGGGTGGATCACGAGGTCAGGAGATCGAGACCATCCTGGCTAAGACGGTGAAACCCCGTCTCTACTAAAAATACAAAAAAAAAATTAGCCGGGCGTGATAGCGGGTGCCTGTAGTCCCAGCTACTAGGGAGGCTGAGGCAGGAGAATGGCGTGAACCCAGGAGGCGGAGCTTGCAGTGAGCCGAGATCACGC:T	DEL	36	11	2	0.181818181818182			False	FALSE
chr18:6373757:CAGGTGATCTGCCCACCTCGGCATCCCAAAGTGCTGGGATTACAGGCGTGAGCCATCATGCCCAGCCAGAACTTAGTTTTAAGAGCACATAGGACTGTATGCATATTATTTCATCCGATTCACAAAAACCTGTGAGAGAAAAAATAATTTTTTGGCCATTTTAAAGATAACTAAAAAGACAAAGACAGATTATATCATAAATTTGTTAATGATTACACTAAAGTTCAAAAAGCATCTTATTACAGTTCCTATATTAGTTTAGTTTTTTTCCTTCTTTCTGATATTGACCTTATAATTTCAGAAACTATTGACTATTCTCATTGCCCAGTTTCAAACTGTATGGCACAGAAGGCAAAATTCTTTAATAAAAACTCAGAAAGGAGAAACACGATCCTTTATAAATCTAAAATATGCTTAGATAAAAGCTGTGTAATTTCAGCTGTTAAACTGTTTTAAAAGCATACTATGATGTACTTTAAAGCCATAGCCTATGCTTTTGTCATTTCATCTGTAACAAGAGACAGGTGATCTGTGTTATGGTTTCTTTCACTTGAAAGGAAGAAACCACAGGCTCATGCCTGTAATCCCAGCACTTTGGGAGGCCGAGGTGGGCAGATCACCTG:C	DEL	32	12	3	0.25			False	FALSE
chr18:7178709:ATTAGCCAGGCGTGGTGGCACGTGCCTGTAATCCCAGCTACTTGGGAGGCTGAGGCAGGAGAATCTCGTGAACCTGGGAGGCGGAGGTTGCAGTGAGCCAAGATCACACCACTGCATTCTAGCCTGAGCGACAAGTGTGAAACTCCATCTCAAAAAAAAAAAAAAAAAAAAAAGAACATTTAATATGTTGCCTGACAAAATATTCCAGGTACTCTTTTTTTTTTTTTTGAGACGGAGTGTCACTCTGTCACCCAGGCTGGAGTGCAGTGGCGTGATCTCAGCTCACTGCAAGCTCCGCCTTTCGGGTTCATGCCATTCTCCTGCCTCAGCCTCCCGAGTAGCTGGGACTACAGGCGCCTGCCACCACGCCTGGCTAATTTTTTGTATTTTTAGTAGAGACAGGGTTTCACCGTG:A	DEL	37	8	5	0.625			False	FALSE
chr18:21175507:CCAGGCATGGTGTTTCATGCCTGTAATCCCAGCACTTTGGGAGGCCGAAGTCAGGAGTTCGAGACCAGCCTGTCCAACATAGTGAAACGCTGTCTCTACTAAAAATACAAAAATTAGCCGGGCATGGTGTCGGGTGCCTGTAATCCCAGCTACTCGGGAGGCTGAGGCAGGAGAATTGCTTGAACCTGGAGGCAGAGACTGCATTGAGCCAAGATCACACCATTGCACTCCAGCATGGGAGACAAGAGCAAAACTTCGTCTCAAAAAAAAAAAAAAAAAAAAAAAAAAAGGAAAGTATCAAAAGGAAGGCATCCTCTTCTTGATTATAATTTATAATTTCTTTCTCTGAGACACAGTCTCACTCTGTTGCCCAGGCTGGAGAACAGTGACACCATCTCGGCTCACTGCAACCTCTGCCTCCTGGGTTCAAGCGATTCTCCTGCCTCAGCCTCCCCAGTAGCTGGGATTACAGGCGTGCGACACACACCTGGCTAATTTTTTTATTTTTAGTAGAGACGGGGTTTCACCACATTGGCCAGGCTGGTCTCAAACTCCCGGCCTCAAGTGACCCATTGGCTTCAGCCTCCCAAAGTGATGGGATTA:C	DEL	33	11	2	0.181818181818182			False	FALSE
chr19:12868171:ACTCACTGCACTCCAGCCTGGGTGACAGAGCGAGACTCCATCTCTTTTTTTTTTTTTTTTTTTTTTTTGAGATGGAGTCTCGCTCTGTCGCCCAGGCTGGAGTGCAGTGGCGTGATCTCAG:A	DEL	30	5	0	0			False	FALSE
chr19:17695423:TCACTGCAACCTCTGCCTCCTGGGTTCAAGCGATTCCCGTGCCACAGCCTCCTGAGTAGCTGGGACCACAGGCACCCACCACCACGCCCGGCTAATTTTTTATTTTTATTTTTGTGGAAGCCAGGCATGGTGGCTCATGCCTATAATCCCAGCACTTTAGGAGGCCAAGGCGGGTGGATCACTTGAGGTCAGGAGGTCGAGACCAGCCTGGTCAATATGGTGAGACTCCATCTCTACTAAAAATACAAAAATTAGCCGGGCGTGGTGGCAGGTGCCTGTAATCCCGGCTACCTGGGAGGCTGAGGCAGGAGGATTTCTTGAACCTAGGAGGCAGAGGTTGCAGTGAGCCGAGATCGTGC:T	DEL	31	8	0	0			False	FALSE
chr22:40630552:TGTGACAGAGTCTCGCTCTGTCGCCCAGGCTGGAGTGCAGTGGCACAGTCTCGGCTCACTGCAAGCTCCGCCTCCCGGGTTCACGCCATTCTCCTGCCTCAGCCTCCCGAGTAGCTGGGACTACAGGCGCCCACCATCACACCCGGCTGATTTTTCTGTATTTTTAGTAGAGATGGGGTTTCACCGTGTTAGCCAGGATGGTCTCGATCTCCTGACCTTGTGATCTGCCCGCCTCGGCCTCCCAAAGTGCTGGGATTACAGGCGTGAGCCACCGCACCTGGCCGGAACTGAGTAATTTTTTAATAAAAGTAATGTAATATAAGCTTGTCAGAAAACATTCAAACAGCAATTGTGACTGTAGAAATAAAGGTGAGACCTGGCCAGGCGCGGTGGCTCACGCCTGTAATCCCAGCACTTTGGGAGGCTGAGGCGGGCAGATCACGAGGTCAGGAGATCGAGACCATCCTGGTTAACATGGTGAAACCCCGCCTCTAGTAAAAATACAAAAAATTAGCCATGCATGGTGGCGGGCGCCTGTAGTCCCAGCAACTCGGGAGGCTGAGGCAGGAGAATGGCGTGAACCCAGAAGGCGGAGCTTGCAGTGAGCCAAGATTGTGCCACTGCACTGCAGCCTGG:T	DEL	37	16	2	0.125			False	FALSE
chr1:10150389:G:[chr12:30866939[CG	BND	441	245	416	1.69795918367347	5.3842	6.0111	False	TRUE
chr1:42521375:G:<DEL>	DEL	265	44	79	1.79545454545455			False	TRUE
chr1:100298265:T:[chr17:79067538[T	BND	165	59	90	1.52542372881356	6.3607	6.4002	False	TRUE
chr2:68231675:A:<DEL>	DEL	192	45	89	1.97777777777778			False	TRUE
chr2:106034526:C:C]chr6:35184490]	BND	463	62	107	1.7258064516129	1.0414	6.8811	False	TRUE
chr2:106034537:G:[chr6:35184346[G	BND	463	59	115	1.94915254237288	1.0414	6.8811	False	TRUE
chr2:130250923:C:<DUP:TANDEM>	DUP	182	70	110	1.57142857142857			False	TRUE
chr2:134909972:G:<DEL>	DEL	222	45	98	2.17777777777778			False	TRUE
chr2:150917631:C:<DEL>	DEL	533	134	152	1.13432835820896			False	TRUE
chr2:189717176:G:<DEL>	DEL	346	49	108	2.20408163265306			False	TRUE
chr3:46061934:T:<DEL>	DEL	148		53				False	TRUE
chr3:60601544:C:<DEL>	DEL	574	99	188	1.8989898989899			False	TRUE
chr3:60660450:G:<DEL>	DEL	313	54	102	1.88888888888889			False	TRUE
chr3:81436400:A:<DEL>	DEL	568	118	183	1.55084745762712			False	TRUE
chr3:125905598:T:<DEL>	DEL	98	41	54	1.31707317073171			False	TRUE
chr3:169743365:T:<DEL>	DEL	607	169	190	1.12426035502959			False	TRUE
chr3:180710864:GCAAGCTGAAGCAGGGTGGGACATTGCCTTACCTGGGAAGTGCAAGGGGTCAGGGAACTCCCTCCCCTAGCCAAGGGAAGCCATGGATGACTCTGACATGAAGACTGGTGCACTCCAGCC:G	DEL	160	132	0	0			False	TRUE
chr4:35465311:C:<DUP:TANDEM>	DUP	393	122	208	1.70491803278689			False	TRUE
chr4:40426408:TAAAAGACAATAAATATTTGTCAAATAATTAAATGGACTGTGATTTCCTTCTTTTTTTTTTTTTTTTTTTTTTAAGACAGAGTCTGACTCTGTCACCCAGACTGGAGTGCAGTGGCTTGATCTTGGCTCACTGCAAACTCCACTTCCCAGG:T	DEL	244	131	0	0			False	TRUE
chr4:41985996:GTAGAGACACCACAGATTTAAAAACCAAAACACGAAACAACCCAACTTAAAAGCTGACAAAGAGAAAAATCAGAATACTATCAACCTAATTGTTGTTCTACTGAAGTAGACTTTTTACCTGC:G	DEL	175	61	0	0			False	TRUE
chr4:192104917:CAATTCTTCAATTGATTCTAGATTATTTTTTTCTACGTATACACTAATTTCTTAATGATCTCAAAATTTCAGTTTTAAGTAACCATCTGCATGGTAGTTACTCTGGATTTACGCCTCTATCCTATGTTTCTCTCATTCCTTCAAACTCCAGGCTTAAACTTCCAAGATCCAACCAAATATCTCCTCTTGCATTTTAGCAGGCCTTATAGGCATTCAAAACTTGACATGCACTTGACATCTACTTCCTTCCGA:C	DEL	146	56	0	0			False	TRUE
chr5:594982:T:<INV>	INV	267	212	357	1.68396226415094			False	TRUE
chr5:984741:C:[chr11:65469294[TGATCTGGC	BND	138	127	209	1.64566929133858	5.8102	5.9878	False	TRUE
chr5:2374525:A:<INV>	INV	102	86	156	1.81395348837209			True	TRUE
chr5:3373952:T:<INV>	INV	222	173	221	1.27745664739884			False	TRUE
chr5:36391487:T:<INV>	INV	239	110	154	1.4			False	TRUE
chr5:60076158:C:<DEL>	DEL	242	58	96	1.6551724137931			False	TRUE
chr5:113356059:C:<DEL>	DEL	604	104	191	1.83653846153846			False	TRUE
chr5:127309756:C:<DEL>	DEL	82		34				False	TRUE
chr5:151341032:G:<DUP:TANDEM>	DUP	44	15	0	0			False	TRUE
chr5:166934951:A:<DEL>	DEL	170	42	75	1.78571428571429			False	TRUE
chr6:35184346:G:[chr2:106034537[G	BND	463	59	115	1.94915254237288	2.1584	6.2462	False	TRUE
chr6:35184490:C:C]chr2:106034526]	BND	463	62	107	1.7258064516129	2.1584	6.2463	False	TRUE
chr6:121470960:A:<DEL>	DEL	310	65	96	1.47692307692308			False	TRUE
chr6:121646196:G:<DEL>	DEL	351	61	100	1.63934426229508			False	TRUE
chr6:155962827:C:<DEL>	DEL	345	70	103	1.47142857142857			False	TRUE
chr7:88642216:T:<DEL>	DEL	314	62	127	2.04838709677419			False	TRUE
chr7:120468972:T:<DEL>	DEL	256	73	102	1.3972602739726			False	TRUE
chr9:10045046:T:<INV>	INV	618	69	114	1.65217391304348			False	TRUE
chr9:13245191:A:<INV>	INV	204	32	85	2.65625			False	TRUE
chr9:16421558:T:<INV>	INV	591	79	67	0.848101265822785			False	TRUE
chr9:138540262:A:<DEL>	DEL	259	67	102	1.52238805970149			False	TRUE
chr8:89611937:T:<DUP:TANDEM>	DUP	39	44	1	0.0227272727272727			False	TRUE
chr8:125462892:C:[chr14:94441317[C	BND	162	72	116	1.61111111111111	6.059	6.1226	False	TRUE
chr8:128855035:C:<INV>	INV	134	50	109	2.18			False	TRUE
chr11:5730166:C:<DUP:TANDEM>	DUP	133	45	62	1.37777777777778			False	TRUE
chr11:65469294:C:[chr5:984741[CCAGATCAC	BND	138	127	209	1.64566929133858	4.0472	5.0249	False	TRUE
chr10:25553689:C:<INV>	INV	162	63	123	1.95238095238095			False	TRUE
chr10:57060457:TATCATTACATAATGACTGATATGGTTTGGCTGTGTGCCCACCCAAATCTCATCTTGAATTGTAGCTCCCATAATTCCCACATGTTGTGGGAGGGACCCTGTGGGAG:T	DEL	96	54	0	0			False	TRUE
chr10:86300398:T:<DEL>	DEL	272	75	126	1.68			False	TRUE
chr12:30866939:T:[chr1:10150389[GT	BND	441	245	416	1.69795918367347	3.8373	3.8433	False	TRUE
chr14:3669553:T:<DEL>	DEL	34		9				True	TRUE
chr14:48014058:A:<INV>	INV	132	36	84	2.33333333333333			False	TRUE
chr15:73373668:C:<DEL>	DEL	219	70	65	0.928571428571429			True	TRUE
chr16:5804287:A:A]chr22:8284253]	BND	448	251	360	1.43426294820717	6.1029	6.1572	False	TRUE
chr16:35850684:C:<DEL>	DEL	275	104	114	1.09615384615385			False	TRUE
chr17:22564257:C:<INV>	INV	198	80	76	0.95			False	TRUE
chr17:33801292:A:ATAAATCTTGGCACAGGCAGTGGTTACGTGTACTAAAGATGTGTACATTCTTATGTATGAATGTTATACATTCATATATATTCAATATATATATATATATAATATATATATATATTGAATATATATGAAT	INS	75	35	0	0			False	TRUE
chr20:4152663:G:G]chr19:17446413]	BND	221	68	89	1.30882352941176	5.5584	6.5924	False	TRUE
chr20:15001237:T:<DEL>	DEL	201	43	64	1.48837209302326			False	TRUE
chr19:1176836:C:<DEL>	DEL	710	118	217	1.83898305084746			False	TRUE
chr19:10624919:G:<DEL>	DEL	706	121	176	1.45454545454545			False	TRUE
chr19:17446412:C:C]chr20:4152664]	BND	221	68	89	1.30882352941176	5.9885	6.6994	False	TRUE
chr22:8284252:A:A]chr16:5804288]	BND	448	251	360	1.43426294820717	6.061	6.0613	False	TRUE
chr22:8400685:AGAATGAAATGGAATGGAGTGGAGTGGAGTGGAATGGAATGGAATGGAATGGAATGGAGTG:A	DEL	72	37	0	0			False	TRUE
chr22:18426063:A:<DUP:TANDEM>	DUP	215	59	133	2.25423728813559			False	TRUE
chr22:22811962:G:<DEL>	DEL	150	48	117	2.4375			False	TRUE
chr1:80590858:AAAAAATGGTACACTTATATAGGGCATTTTTCGTGAATGGAGCTATCAGGATTGGAAATTGCTCTGGGTGAGTCAAGTGACTAAGTAGTGAGTGAATGTGGAGGCCTAGGACATTACTGCACACTACTATGGACTTTT:A	DEL	71	53	0	0			False	TRUE
chr1:106469036:CTCCAAAAGGTAGTGGTGTAAAACAACAACCATTTTATTGTCCTTACAGATTCTGTAGGTGAGAATTTGGATTAGGCAGAGAAGATGGCTTATCTCAGGTGCCCAATGTCTGGGGACTTATCTGAGAAAACTCTAGAGCTGTAGTCTGGAATCATCTGGACTAGAGGATTCTTCGGGTCAGCTGGAACGACCCAAAGGCTGAGCTCAGCTTGGACTGGCGAGCAGAGCCCGTGTGTTTGGCCTCGCCATGTGGCCTGGGCTTCTCACAGCACTGAAGCTGGATTATGAGATAAAGTGTTCCTACAGTGAACCTTCAAAGAGAACCAACAAAACTTGCCAGTCTTTTTATAACCTAGCCTCAGAAGCCACACA:C	DEL	104	70	43	0.614285714285714			False	TRUE
chr1:202386257:GTGGGACCAGGGCTCAAAATGATGCTCACCTCCAGGACCCTCCTGGGTACCAAGCCCTGCCCCTCACTGCTGGA:G	DEL	149	78	0	0			False	TRUE
chr3:172965830:TGCAAGCAGCCCCCGCCGCTCTCAGGCCCACGCCGGGATGCCTCCGGCACGAGGGAAGCGGGCAGCCCCGCGTGTCGGATTCTCCCGCTGAGGAGGAGTGGGGTGGCGCCGGGGCGGGAAGGAGAAG:T	DEL	102	58	0	0			False	TRUE
chr4:49002944:CCATAGGCATATTAGCCTCATTTAAAAATAGAGCTACCACCTGCCTTCTGTTGTGAGAATTCAGTAGCAAAGGGGTTTAACAAATGGCCGTCCTTTTCACTCTTTTATTTCTTGAGACATCTTTTAATAGCCCTCAGCTATTTTTATCCAATTCAGTCCTGTCTTGAGATCCTAACTCAACAAGGTTTCTCCAGTCTTCTCAGTGCTTGGTGATCTTCTATTTTTCTTTGTCATTTTCCCCCTTAACACTCATGTATTAG:C	DEL	180	64	2	0.03125			False	TRUE
chr5:44879807:CTTAAAGTATAATAATAATAAAAAAAAGGTGTTGAATATACTAGAGAGCAGAGTTTGAGTGGAGGATAATGAGACAAG:CATGTACCCTAGAACAGA	DEL	165	121	0	0			False	TRUE
chr5:129608174:CTGGGCCTGCTCAACCTTATGCCTTGGTGGGTCTGACAGTATACAGCTCAGGATGGGCAGTGCCATCTGCATGGTCACTTGACGGCCTTTCAAAACAGTGTAAATTTCTGCTGAAGATGGCA:C	DEL	235	130	0	0			False	TRUE
chr5:179327566:TGGGCCAAGGGACCTTAAAGACCCCATGTGAGGTTTTATGAGGACGGCAGTGTGGGCCAGGTATCATCTGAAAA:T	DEL	286	119	0	0			False	TRUE
chr6:149011955:ACTAATTGTAGGTGAGTTTTGTGCTAAACACGTGTGTATCCATTCAATATCCACAACGCCAATGGCCCGGACCTGTCTCTGGT:A	DEL	42	11	0	0			False	TRUE
chr8:84751821:TTATAATTTGAGATGAGATTTGGGTGGAGATACAGAGCAACACCATATCAATAAGGAAAAATAAATAAATTTTACATTATATATAATACCTTAAGCCCTCAGTATTTTAAATTGAGCAAATAAAAAGAAGAGAAAAGATAAGAAATGGAAAATATTAAAAGAAGATAATGAC:T	DEL	235	167	0	0			False	TRUE
chr11:65143828:ATTCCTTCTCAAAAAAAAAAAAAAAAAAGACTTAAGCCCAGACAGGGTGGCCCCATGGCCC:A	DEL	246	138	0	0			False	TRUE
chr10:35907864:GCTGTGAACTGAAACTTGCATTCAGCTGAATCATGGCAGGAGGGGAGACGTGAGGG:GT	DEL	127	67	0	0			False	TRUE
chr10:103619042:TCCTGGGTTCATGCCATTCTCCTGCCTCAGCCTCCCGAGCAGCTGGGACTACAGGTGCCTGCCACCACG:T	DEL	75	51	0	0			False	TRUE
chr10:114990909:GGCCTCAGCAATAGGTGAGGGCCCTCACAGGGCCCAGCACGGAGTAGGCGTGCAGTCGA:G	DEL	239	134	0	0			False	TRUE
chr12:45688893:CAGCCGGTGGCACGGAGGCGGACGGCGGCGGGGCTGTTTTTGGCCTGGTGGCTCGCGTGCGCGCGGCGGGCGCGGGGCTCCGGCGGGCGGGCGGCCCGGCGCCGGCTCGCGCCCTGCCCGGTGCCCGGTCGGGCCGGCGGGGTCTGAGCGCCGCGGCGGGGAATGCGGGCGTGCGGGGCGCCAGCCTGAGCCCCGCGCCCGCCCCGCTCCCGCGCCGCCCGCCCGCTCGC:CTT	DEL	150	150	0	0			False	TRUE
chr13:51795928:CTCTGCTTCTGCAAATGGTAGCAGCATTCTCCCACTCAGGCCTTGGGCTTTGATTCTCTTTGCCTTGGCTCCCTAAATCCAGTTAGGCATCAATCCCTGTTGATGATGCCTTTGAAATGTTTCTGTGCTCGCCTTCCTTTCTGTTCTCACTGCCACTAACTG:C	DEL	158	52	0	0			False	TRUE
chr14:85062946:GAAAATATCTCAGTGTAAGAGTGCCTGGACACCCCATGTTCCCTGGCGGCACCCCATCTCCGGCAGCAGCCAACTGTGC:G	DEL	66	49	0	0			False	TRUE
chr16:10854479:GACGCTGAGGGTCGGGGCCTGCGCCCTGTGGGGCAGCCTCAGCGCAGCTTCTCGGGTGGGGCGGGGCGCTCGGGGCCTAAGGCGCAGTCGCAGGCTGGGGAGGGGGCTCGGCTCGCCGGGGACGCGCCCAGGAGAGAAAGCGGCGGCAGGGAGGCAACGGCCTGGGGAACTGCGGACAGAGATAGTGGGAGGAATGGGAGTCGGGGGCGGGGGGCGGCTGCGTCAGCGAATGGTGTGGACGGCGCATAAACGTGGATGTAGCGAATGATAAGGCAGTGAATGAATGTCAGTGGTGGGCAGCCGCATTCAGGGTTGGGAGAAGGTCAGTGTTTCCCAACAGTCTCTGCGCGCAAGAAATTCCCAGGAACCTTGTGAAAAGCAGATTCTCAGGCCCGGCCCGGGGGATGTGGAAGGCCTGGAGTGGGGCCCTAGAATCTGCCTTCCCCGCGCCCCCACCCCCCACGACAAA:G	DEL	334	150	155	1.03333333333333			False	TRUE
chr18:78350059:TATATATACACATATGTATATATACATATACGTATATACACATATGTATATATATAC:T	DEL	36	11	0	0			True	TRUE
